Time,currencyservice,frontend,productcatalogservice,shippingservice,checkoutservice,adservice,paymentservice,emailservice,cartservice,recommendationservice,Total
2020-11-10 19:06:00,,,,,,,,,,,0.0
2020-11-10 19:07:00,,,,,,,,,,,0.0
2020-11-10 19:08:00,,,,,,,,,,,0.0
2020-11-10 19:09:00,,,,,,,,,,,0.0
2020-11-10 19:10:00,,,,,,,,,,,0.0
2020-11-10 19:11:00,2.6944444444444446,97.22222222222223,2.6102236421725244,2.7948717948717947,100.0,4.616438356164384,3.0,3.0,4.729166666666666,10.156249999999998,230.82361712654202
2020-11-10 19:12:00,3.419270833333333,254.5620437956204,3.237313432835821,2.1176470588235294,182.5,4.619718309859155,3.0,3.1176470588235294,7.709677419354837,15.892857142857142,480.1761750515078
2020-11-10 19:13:00,5.296420581655481,648.1132075471698,4.0564024390243905,2.8058252427184462,203.125,4.752688172043011,3.333333333333333,3.0,9.82283464566929,22.705223880597018,907.010935842211
2020-11-10 19:14:00,11.15950920245399,1247.641509433962,6.219437652811737,3.1146496815286624,200.0,6.25,3.4615384615384612,3.1052631578947367,14.346938775510203,72.46376811594202,1567.7626144816418
2020-11-10 19:15:00,10.687679083094558,1601.8356643356642,8.532725321888412,3.605263157894737,687.5,15.981012658227854,3.6666666666666665,4.181818181818182,21.930232558139537,190.6417112299465,2548.5627731933405
2020-11-10 19:16:00,12.768041237113401,1778.5000000000002,8.842391304347828,3.3466666666666667,180.76923076923077,7.589285714285717,3.5,3.0,13.157894736842104,172.61363636363637,2184.0871467921233
2020-11-10 19:17:00,13.627353815659069,1907.8947368421054,11.917211328976036,3.5733333333333333,218.75,5.7142857142857135,3.1666666666666665,3.2399999999999998,13.594339622641506,105.53977272727273,2287.01770005094
2020-11-10 19:18:00,12.598299681190223,2709.677419354839,15.85443037974683,4.244755244755245,342.10526315789474,5.348101265822785,4.222222222222222,3.058823529411765,16.25961538461538,183.6538461538462,3297.0227763743446
2020-11-10 19:19:00,16.384297520661157,2629.1079812206576,14.564748201438853,3.3439490445859876,305.5555555555556,6.6820987654321,3.6666666666666665,3.6,21.0,248.75,3252.6552969749982
2020-11-10 19:20:00,15.433070866141733,2291.1676646706587,13.045918367346937,3.328767123287671,500.0,4.455830388692579,3.6363636363636362,3.3636363636363633,17.086614173228348,162.6179245283019,3014.135790117658
2020-11-10 19:21:00,14.984375000000004,2351.351351351351,21.3091922005571,3.151351351351351,291.66666666666663,5.481651376146789,3.4,4.2,14.221311475409836,192.26618705035972,2902.0320864718424
2020-11-10 19:22:00,18.471502590673573,3443.6274509803925,15.312699425654117,3.5853658536585367,340.90909090909093,5.337837837837838,3.4545454545454546,3.1818181818181817,15.445544554455447,319.1287878787879,4168.454643666914
2020-11-10 19:23:00,19.450000000000003,3450.2351097178685,16.102638087386644,4.124183006535947,362.49999999999994,4.3156146179401995,3.16,3.3030303030303028,16.166666666666668,221.38157894736844,4100.738821346797
2020-11-10 19:24:00,18.65275142314991,3338.6581469648563,11.77985074626866,3.740740740740741,333.3333333333333,6.25,3.5384615384615388,3.193548387096774,17.217465753424662,277.9329608938547,4014.2972597811863
2020-11-10 19:25:00,15.72928490351873,3774.9546279491833,11.78082191780822,3.6783625730994154,296.875,7.127659574468085,3.1000000000000005,3.413793103448276,19.890350877192986,387.6146788990825,4524.164579797802
2020-11-10 19:26:00,18.475,3406.746031746032,16.47911832946636,3.7375000000000003,291.66666666666663,4.931818181818183,3.235294117647059,3.4166666666666665,15.178571428571427,159.21052631578948,3923.0771934526574
2020-11-10 19:27:00,15.475260416666668,3074.786324786325,19.023316062176164,3.6976744186046515,381.94444444444446,6.883561643835618,3.6896551724137927,3.2162162162162162,17.39090909090909,213.3211678832117,3739.4285301348036
2020-11-10 19:28:00,17.902638762511373,3520.76802507837,14.33271375464684,3.6000000000000005,318.1818181818182,5.277777777777779,3.2399999999999998,3.7199999999999998,16.513698630136986,305.55555555555554,4209.092227740816
2020-11-10 19:29:00,22.21666666666667,4525.993883792049,19.195859872611464,4.422535211267606,357.1428571428571,5.946745562130176,3.8000000000000003,3.4,14.979166666666664,332.070707070707,5289.168421984956
2020-11-10 19:30:00,14.428152492668621,3759.0361445783133,11.945020746887966,4.093333333333334,479.1666666666667,3.8503401360544216,5.0,3.5,19.38284518828452,628.2051282051282,4928.607631347337
2020-11-10 19:31:00,11.220414201183432,2446.1325966850827,13.102850539291218,3.5714285714285716,517.8571428571429,4.051597051597052,2.7241379310344827,3.0,14.545454545454549,327.1276595744682,3343.333281956683
2020-11-10 19:32:00,14.421832656100639,3622.89289084334,7.411444800598927,4.426356589147286,500.0,6.4285714285714315,2.888888888888889,3.055555555555556,21.394736842105267,48.84409359233281,4231.76437119664
2020-11-10 19:33:00,8.26288860553279,2262.6048154126966,7.610275225988905,3.548076923076923,322.91666666666663,5.128205128205129,3.6206896551724137,3.1333333333333333,16.7626404494382,37.65087764760437,2671.2384690477147
2020-11-10 19:34:00,9.656844339149204,2346.9446422959927,8.165614770971164,3.2076502732240435,221.15384615384613,4.472463768115942,3.066666666666667,3.097560975609756,14.528985507246379,32.37697664357176,2646.671251394394
2020-11-10 19:35:00,9.273903431333395,2982.872820816183,6.69405244085328,3.3333333333333335,375.0,4.886685552407932,3.482758620689655,3.122448979591837,14.748322147651004,36.41313543968984,3439.8274607617336
2020-11-10 19:36:00,9.050222272764001,2181.5665932822385,5.7069057794504,3.814814814814815,402.17391304347825,4.6997167138810205,3.0930232558139537,3.3000000000000003,15.944924406047514,42.11711711711712,2671.467230685606
2020-11-10 19:37:00,8.57085078559687,1968.5733411621127,4.236985311795179,3.310679611650485,146.875,4.388888888888889,2.767441860465116,3.2105263157894735,11.30239520958084,30.293502322728216,2183.529611468608
2020-11-10 19:38:00,8.070718970830544,2089.416183271445,4.296126311223832,3.2532751091703056,203.125,4.566750629722923,3.097560975609756,3.272727272727273,12.735562310030394,38.36809511634035,2370.2019999671
2020-11-10 19:39:00,8.246040814075068,2592.0389622897737,4.742083749622553,3.224215246636771,225.8928571428571,4.587628865979381,3.2,3.2666666666666666,14.28200692041522,30.100964240445784,2889.5814259364724
2020-11-10 19:40:00,9.584936939733495,2035.539959690843,5.301659977077998,3.4680851063829787,358.69565217391306,4.7927461139896375,3.3809523809523814,3.292682926829268,14.56692913385827,39.22685159083648,2477.8504560344168
2020-11-10 19:41:00,6.534321144390399,1636.3912312482848,3.832105767525847,3.1904761904761907,215.90909090909093,3.841237113402061,2.75,3.1132075471698113,9.291044776119403,21.36108072207231,1906.2137954185318
2020-11-10 19:42:00,6.297817639229546,1600.3096496756086,4.226576869855587,3.3008130081300813,136.20921477231985,4.54337899543379,2.872340425531915,3.0363636363636366,12.535860655737705,20.57582369825198,1793.9078393764626
2020-11-10 19:43:00,6.574292358412768,1526.4534848317808,4.351913289475249,3.2313432835820897,134.61578400830737,4.412803532008831,2.9607843137254903,3.08,11.090373280943027,20.243596667285512,1717.0143755655213
2020-11-10 19:44:00,6.077481840193705,1582.638701759898,3.801775909992359,3.3492063492063493,113.07489440788808,4.361797752808989,2.789473684210526,3.1333333333333333,10.813053097345136,19.334832284477805,1749.3745504193541
2020-11-10 19:45:00,6.229917639912258,1449.2815519388057,3.9967597105076655,3.042857142857143,175.00086968621721,4.154684095860567,2.909090909090909,3.28,15.020833333333332,21.481434310859804,1684.3979987674445
2020-11-10 19:46:00,7.368769852518046,2152.564454592115,3.782683990709699,3.0337552742616034,195.83333333333331,4.046563192904657,2.9499999999999997,3.7058823529411766,10.712166172106823,23.41702543305913,2407.41463419395
2020-11-10 19:47:00,5.139604690661971,1615.2696107684637,3.6231293682362744,3.3414634146341466,179.16666666666666,4.023715415019764,3.0983606557377046,3.1538461538461537,12.596153846153845,21.454255417415812,1850.8668063968362
2020-11-10 19:48:00,4.822312250149382,1515.1098742138365,3.784194814528882,3.1194029850746268,148.39661458557265,3.946395563770795,2.9574468085106385,3.08,9.04727793696275,19.831657381062485,1714.0951765394686
2020-11-10 19:49:00,5.860840831481604,1460.5140515896408,3.662956804722679,3.3266932270916327,125.86192032883665,3.8336520076481833,2.9565217391304346,3.0307692307692307,9.890029325513197,19.70769358487058,1638.6451286697052
2020-11-10 19:50:00,5.355628297373981,1385.5626885247975,3.552128644098491,3.258278145695364,136.2068549388108,4.247484909456741,3.0425531914893615,3.1,8.696428571428571,17.86085703467286,1570.8829022578236
2020-11-10 19:51:00,5.465822822354011,1379.271451517729,3.6766235769772044,3.416666666666667,153.90561516824673,3.741235392320535,3.0,3.107142857142857,8.777472527472527,19.726136428395975,1584.0881669573055
2020-11-10 19:52:00,5.327740870492771,1410.757332040873,3.708373302401805,2.8636363636363633,151.42702838626346,3.776801405975395,3.25,3.346153846153846,9.090346534653467,18.63449858625236,1612.1819113367026
2020-11-10 19:53:00,5.195172619777723,1344.7992701570474,3.6327546798996955,2.917910447761194,146.87668710634188,3.5999999999999996,3.048780487804878,3.297872340425532,8.941082802547772,19.3827199616867,1541.6922506032927
2020-11-10 19:54:00,5.292475771229602,1346.0140549567786,3.4733321795197893,2.7546468401486983,153.2293349452223,3.5611745513866238,3.0476190476190474,3.175438596491228,9.05940594059406,20.88274073195658,1550.4902235609468
2020-11-10 19:55:00,4.916209033265157,1337.954902670607,3.408278445519086,3.357142857142857,127.00030402594355,3.510301109350238,3.2040816326530615,3.1538461538461537,8.828125,17.334490059875854,1512.667680988203
2020-11-10 19:56:00,5.4229955309884295,1378.812140300353,3.676921357316966,2.7161716171617165,151.42857142857144,3.7252396166134183,2.9642857142857144,3.103896103896104,9.368131868131869,19.4541781143397,1580.6725316516583
2020-11-10 19:57:00,4.913757978101019,1237.5594425334448,3.71594497000432,3.3112582781456954,177.4193548387097,4.0355731225296445,3.05,3.0625,9.12023460410557,19.204545454545453,1465.3926117795863
2020-11-10 19:58:00,4.891286765624908,1235.046490234229,3.5358432795067474,2.8954248366013067,111.99964798685818,3.778571428571429,2.909090909090909,3.15625,9.878048780487806,17.144213368353455,1395.2348675893236
2020-11-10 19:59:00,4.465517958421133,1114.7986467624444,3.681689924802508,3.0216606498194944,174.99857088414632,3.787096774193549,2.8571428571428568,3.1090909090909093,9.402985074626866,18.313432442375067,1338.4358342370629
2020-11-10 20:00:00,4.471357987114702,1247.7471620227036,3.560191301658571,3.0820895522388057,170.16176900710565,3.7255216693418944,2.4761904761904763,3.0377358490566038,9.5625,19.01903277899592,1466.8435506444064
2020-11-10 20:01:00,5.565718006232944,1350.7266556083746,3.480845766937196,2.8904899135446684,143.42030475375154,3.834205933682373,2.745454545454545,3.0526315789473686,7.911140583554377,16.826256359440947,1540.453703049921
2020-11-10 20:02:00,5.625710435024025,1333.5803020925264,3.798045247991846,3.1714285714285717,142.3904257230106,4.192307692307692,2.7142857142857144,3.1311475409836067,8.451742627345844,21.59238535797131,1528.6477810028757
2020-11-10 20:03:00,4.574641558049049,1310.2587119800378,3.4575379834920983,3.3928571428571432,159.30223363381802,4.019963702359347,3.1599999999999997,3.3111111111111113,8.308080808080808,18.310763388070022,1518.0959013078752
2020-11-10 20:04:00,5.075461047090399,1424.293704526082,3.429694628814123,2.9774436090225564,127.27272727272727,4.191489361702128,2.8947368421052637,3.357142857142857,9.73731884057971,19.512018002500323,1602.7417369877667
2020-11-10 20:05:00,4.680770731535864,1245.7935605304763,3.495420737174709,3.080882352941176,147.86980485624906,4.104761904761904,2.9333333333333336,3.173913043478261,8.769132653061224,18.464083175803403,1442.3656633188152
2020-11-10 20:06:00,5.808281964252243,1309.20486524427,3.7251923323387186,2.9649122807017543,151.92504501454317,4.406315789473685,2.872340425531915,3.1785714285714284,9.644846796657381,19.61987955522637,1513.3502508315667
2020-11-10 20:07:00,6.027179612339162,1404.4599425391195,3.636498516871068,3.2681992337164756,163.28176754146583,3.9866666666666672,2.877551020408163,3.185185185185185,9.608695652173914,19.09883067541692,1619.4305166433628
2020-11-10 20:08:00,5.015942136092189,1384.7771090691308,3.500766304353456,3.149019607843137,170.15970296625025,3.748344370860927,2.586206896551724,3.1639344262295084,10.057803468208093,18.944657940053887,1605.103487185574
2020-11-10 20:09:00,5.655142670742774,1382.4790754413307,3.7584073663574262,3.2482758620689656,171.60032840921485,4.276422764227642,2.7073170731707314,3.333333333333333,8.410633484162897,21.056056750746475,1606.5249931553558
2020-11-10 20:10:00,5.986268087455091,1384.8371808847614,3.624654296669458,3.3197026022304836,131.03566040512945,3.9,3.095238095238095,3.076923076923077,8.503039513677813,20.933098591549296,1568.3117655536341
2020-11-10 20:11:00,4.501768919493667,1356.9794960185486,3.652777654283298,3.0308880308880313,159.21088645439295,4.032755298651253,2.8181818181818183,3.1587301587301586,8.228228228228227,18.85764865284218,1564.4713612342405
2020-11-10 20:12:00,4.822708371927366,1069.8498337980411,3.2153877083759403,2.776061776061776,144.99405528584165,3.9714285714285715,2.658536585365854,3.155844155844156,9.260057471264368,18.4789156626506,1263.1828293868014
2020-11-10 20:13:00,5.159466248805364,1311.8586178834082,3.64842410712845,3.6269841269841274,159.21632003820343,4.154013015184382,3.0869565217391304,3.1176470588235294,9.802816901408452,20.262367136822355,1523.9336130385075
2020-11-10 20:14:00,5.452944488409124,1383.413621816242,3.525183898320743,3.1228070175438596,121.09374999999999,4.087934560327199,3.0465116279069764,3.2857142857142856,10.068933823529413,19.44209957199441,1556.5395010899883
2020-11-10 20:15:00,4.6931531195954985,1315.7909168184194,3.6228655393367677,2.933054393305439,123.07927501525556,3.9393346379647753,3.266666666666667,3.08,9.690721649484535,19.64291065124932,1489.738898491278
2020-11-10 20:16:00,4.914503526464946,1202.7051856190992,3.378667504285099,2.6119402985074633,135.2941176470588,3.828996282527881,2.7254901960784315,3.1728395061728394,8.120608899297423,18.848484123317718,1385.6008336028096
2020-11-10 20:17:00,5.151857307343201,1390.085049894812,3.6592091500169763,2.9338235294117645,132.14612176496354,3.8988326848249026,2.7368421052631575,3.135593220338983,8.377192982456142,18.78856139329629,1570.9130840327268
2020-11-10 20:18:00,4.914410480349345,1235.2230377717717,3.466646416097907,3.0618556701030935,111.84296401302494,3.51418439716312,3.046511627906977,3.0689655172413794,8.146258503401361,17.47087378640777,1393.7557081834675
2020-11-10 20:19:00,4.5679417398540965,1150.1365668221056,3.418284634048492,2.7637130801687766,171.87111067896433,3.8014311270125223,2.951219512195122,3.172413793103448,8.704819277108431,18.54346021697028,1369.9309608815313
2020-11-10 20:20:00,4.8983602796309516,1390.4611174329002,3.31519274610169,3.088,147.2228943327095,3.9376257545271622,2.6470588235294117,3.2222222222222223,6.593198992443325,17.15836286849482,1582.5440334525592
2020-11-10 20:21:00,5.560611763367936,1367.222400448973,3.7108403744683294,3.3358778625954195,163.28213369885157,3.7184466019417477,3.0,3.0784313725490193,8.845609065155807,17.957858055575937,1579.7122092434788
2020-11-10 20:22:00,4.230613961804973,832.2021451711951,3.415722571187561,3.0,118.0018884078961,3.466237942122186,2.5510204081632653,3.126984126984127,9.726331360946745,19.107143654316097,998.828087604616
2020-11-10 20:23:00,5.404166981543504,1250.1190606408904,3.147188373551455,3.1147540983606556,158.33333333333334,3.700854700854701,3.1621621621621627,3.1132075471698113,10.205792682926832,20.159438775510203,1460.4599592963032
2020-11-10 20:24:00,4.351114649681529,1131.4114475059387,3.3583600114799292,3.4684684684684686,119.7328825258314,3.851485148514852,2.6129032258064515,3.341463414634146,8.856655290102388,17.676638407262644,1298.6614186477202
2020-11-10 20:25:00,4.8753862494894165,1353.918215544602,3.3935042732539875,3.3466666666666667,204.16475277452622,3.6232741617357003,3.1600000000000006,3.2173913043478257,17.39247311827957,23.39250167792541,1620.4841657708268
2020-11-10 20:26:00,5.493259933096363,1310.3443972581192,3.4672633377851136,2.5409836065573774,201.25,3.7198275862068964,2.935483870967742,3.108108108108108,17.787081339712916,21.64891340580335,1572.295318446357
2020-11-10 20:27:00,4.364635954177135,1231.1325023212835,3.2580604189257354,2.6799999999999997,132.8119921663403,3.5908183632734527,2.6410256410256414,3.1702127659574466,9.04191616766467,19.412389244764917,1412.1035530434126
2020-11-10 20:28:00,4.274653626731867,738.548354230819,3.0985212452043385,2.327731092436975,144.4458506710788,3.3693843594009985,3.0714285714285716,3.107142857142857,8.620401337792643,17.74180464193009,928.6052726339661
2020-11-10 20:29:00,3.953873286129893,759.388582872253,2.861680033725254,2.6355555555555554,157.95659077273638,3.2165354330708658,2.5,3.13953488372093,8.73062015503876,16.250000000000004,960.6329729922306
2020-11-10 20:30:00,4.56209911676118,1072.33261823118,3.31297765689462,3.0684410646387836,160.9353505415072,3.494071146245059,3.1304347826086962,3.2264150943396226,8.299050632911392,16.25599691002168,1278.6174551771082
2020-11-10 20:31:00,4.198834881375583,661.2337343137528,3.102144251212901,3.068702290076336,152.5024492162508,3.6767241379310347,3.0000000000000004,3.146341463414634,9.173553719008265,17.98999092243836,861.0924751954608
2020-11-10 20:32:00,3.910753626805648,686.7393853409085,2.959304850642765,2.872727272727273,107.89429365368962,3.5213675213675213,2.851851851851852,3.1363636363636367,8.13131313131313,13.985527275151409,836.0028881608214
2020-11-10 20:33:00,3.9359139233471336,674.4455610069067,3.1457181209665928,2.9494949494949494,152.93934260370344,3.3383297644539613,3.0500000000000003,3.0434782608695654,8.161764705882353,14.754980488440363,869.764583824065
2020-11-10 20:34:00,3.6911745453829057,727.9403999863798,2.9123411383206133,2.4854368932038833,123.83865301919931,3.5136363636363637,2.666666666666667,3.181818181818182,7.624113475177303,15.078880366772832,892.9331206365579
2020-11-10 20:35:00,4.307549728077982,1103.3742034095444,2.9032213768024278,2.735294117647059,140.1792091654524,3.3494252873563215,2.6216216216216215,3.0425531914893615,7.224334600760457,15.296913873050382,1285.0343263718023
2020-11-10 20:36:00,3.795943594828757,750.0006292194352,2.9296545529959346,3.08256880733945,123.68354568071051,3.4236252545824843,2.8857142857142857,3.0909090909090913,7.8401360544217695,16.774744575830162,917.5074711167675
2020-11-10 20:37:00,3.6180496022453856,530.5128654206364,2.8097862043991624,2.512437810945274,118.74968748854124,3.745920745920746,2.833333333333333,3.2916666666666665,7.061752988047808,15.007921170169872,690.143421430906
2020-11-10 20:38:00,3.738191632244295,593.9793689901372,2.898848894056444,2.625615763546798,117.30751479472005,3.372093023255814,2.8181818181818183,3.304347826086956,7.730769230769232,14.521158849527655,752.2960908225264
2020-11-10 20:39:00,3.705933354766486,488.0028045938503,2.7977152922239528,2.8453038674033153,132.14285714285717,3.4043956043956043,2.6842105263157894,3.042553191489362,8.027777777777779,13.33791208791209,659.9914634389919
2020-11-10 20:40:00,3.6805488106675983,668.6328082414592,2.729107160289142,3.018867924528302,182.89473684210526,3.147651006711409,2.571428571428571,3.1,6.899224806201552,14.597476913481536,891.2718502768726
2020-11-10 20:41:00,3.560622483898046,463.3529789700757,2.6583798385859914,2.3015873015873023,175.0,2.8740157480314963,3.2758620689655173,3.210526315789474,9.01658767772512,13.921991247666256,679.172551652325
2020-11-10 20:42:00,3.6235595541326204,500.6187804914365,2.67339410264826,2.6914893617021276,270.83333333333337,3.473551637279597,2.7037037037037037,3.1142857142857143,7.570422535211268,14.196262399224437,811.4987828329575
2020-11-10 20:43:00,3.301018881645381,352.1182379115502,2.3331437078957356,1.9197860962566846,170.83333333333334,3.122105263157895,3.1999999999999997,3.294117647058824,7.334558823529412,12.697866931211035,560.1541685956385
2020-11-10 20:44:00,3.2273119421821868,321.19481614947654,2.358804408852092,1.8000000000000003,175.0,3.1662049861495842,3.25,3.1764705882352944,8.463035019455253,14.197852192160582,535.8344952865115
2020-11-10 20:45:00,3.27513678168538,437.8508023847746,2.2748117972867945,2.245901639344262,163.75,3.160206718346253,2.7142857142857144,3.3414634146341466,8.403614457831324,12.589954323226957,639.6061772314154
2020-11-10 20:46:00,3.1791570397469817,359.89524838780085,2.395018529303284,2.558011049723757,167.5,2.796296296296296,3.108108108108109,3.4210526315789473,6.096491228070176,12.417540921833174,563.3669241924615
2020-11-10 20:47:00,3.2209731570604787,227.997502102314,2.345990494572415,2.1235955056179776,185.22727272727275,3.022160664819945,2.875,3.0,6.136363636363635,12.6384421068179,448.5873003948391
2020-11-10 20:48:00,2.9002093023399356,216.32872861062586,1.9775756642337772,1.8993288590604027,157.35294117647058,2.739130434782609,2.6153846153846154,3.129032258064516,6.925837320574162,12.331483362874767,408.1996516044112
2020-11-10 20:49:00,3.2174747323168065,255.853622982793,2.410483565466043,2.5294117647058822,222.36842105263156,3.2567567567567566,3.181818181818182,3.0869565217391304,6.77461139896373,15.652173913043475,518.3317308702345
2020-11-10 20:50:00,3.0583175176176605,236.35173205651003,2.163646323843995,2.479289940828403,279.4117647058824,2.764383561643836,2.935483870967742,3.3478260869565215,7.202643171806168,15.504926108374384,555.2200133444311
2020-11-10 20:51:00,3.084883236498859,198.89583332308584,2.1116239461964383,2.303703703703704,165.625,3.0,2.692307692307692,3.066666666666667,5.432489451476794,11.126539912678457,397.3390479326145
2020-11-10 20:52:00,3.231452284631585,233.49847081899713,2.2712089370862345,2.4969325153374236,107.49999999999999,2.8119122257053295,2.3684210526315788,3.1538461538461537,7.238095238095239,13.621786690066411,378.19212591639706
2020-11-10 20:53:00,2.9839776102717708,187.8958531377695,1.8895504230618778,1.0934579439252328,175.0,2.8555956678700363,2.8999999999999995,3.230769230769231,6.546242774566474,10.691244239631335,395.0866910278654
2020-11-10 20:54:00,2.9194932983917434,185.66782237183284,1.845963291368442,1.7049180327868854,156.25,3.0,2.8,3.0714285714285716,5.601851851851853,12.663916180827854,375.5253935984882
2020-11-10 20:55:00,2.85271931741807,196.37560001939465,2.1829429141439753,2.571428571428571,143.75,2.952755905511811,3.0,3.0909090909090913,5.8530805687203795,11.766836608119881,374.3962729956464
2020-11-10 20:56:00,2.9927328442156833,245.02563369548298,2.3808923789392136,2.310810810810811,185.71428571428572,3.328,3.111111111111111,3.0714285714285716,7.754237288135593,15.475,471.1641324144097
2020-11-10 20:57:00,2.8046965834429525,161.9274599658493,1.9401523448548925,1.5822784810126582,137.50000000000003,2.717391304347826,2.894736842105263,3.0909090909090913,5.624999999999998,10.58659217877095,330.66921679129297
2020-11-10 20:58:00,2.8603977354936503,127.70276765806946,1.9945226797638616,2.0243902439024395,115.0,2.5793991416309012,3.5454545454545454,3.1666666666666665,4.828767123287672,9.816652548173249,273.51901834244245
2020-11-10 20:59:00,2.711639590996663,141.44906856391282,1.8536997960400874,2.1428571428571423,202.27272727272725,2.701612903225806,2.578947368421052,3.3809523809523814,6.674311926605507,13.271773007188989,379.0375899529277
2020-11-10 21:00:00,2.855438814103119,159.33675564805404,2.2332912782932053,2.022222222222222,169.23076923076923,3.1488372093023256,2.8888888888888884,3.4000000000000004,5.945512820512819,12.218971728429445,363.2806878405753
2020-11-10 21:01:00,2.8012782677022257,140.45271913180017,2.1126445141486685,2.3191489361702127,129.99999999999997,2.7733990147783256,2.6470588235294117,3.125,4.883333333333333,9.918669618156432,301.03325163961875
2020-11-10 21:02:00,3.0250021912616516,127.86771492178593,2.1315429656956573,1.8484848484848482,168.1818181818182,2.462555066079295,3.0000000000000004,3.2666666666666666,5.9541984732824424,11.230257883954566,328.9682411990292
2020-11-10 21:03:00,2.840931134820562,107.27555107578367,2.1403865927078907,2.2467532467532467,212.5,2.849765258215962,3.2857142857142856,3.6153846153846154,6.774193548387097,10.666666666666668,354.195346424434
2020-11-10 21:04:00,2.5752009184845006,93.60492776436497,1.9286502088020923,1.419354838709678,175.0,2.688888888888889,2.846153846153846,3.533333333333333,5.205223880597016,10.980886859562107,299.7826205388965
2020-11-10 21:05:00,2.6840934371523923,89.56320692498973,2.071054476243221,1.2191780821917808,207.1428571428571,2.9672131147540988,3.111111111111111,3.1052631578947367,4.804651162790698,9.368724111063747,326.03735272104865
2020-11-10 21:06:00,2.64009381985988,84.69391539770433,2.167535102023837,1.6296296296296293,160.0,2.93103448275862,2.8,3.333333333333333,5.0,10.48387096774194,275.6794127330516
2020-11-10 21:07:00,2.5780268395052257,82.76029319451182,2.192300710055962,1.2857142857142858,100.0,2.702857142857143,2.0,3.2222222222222223,4.758620689655173,11.172008778471705,212.67204386299355
2020-11-10 21:08:00,2.6599509483297297,72.93284787779443,2.030412181042286,1.3478260869565217,164.28571428571428,2.85234899328859,2.466666666666667,3.2499999999999996,4.988165680473372,8.985246243053348,265.79917896331915
2020-11-10 21:09:00,2.5901386748844377,92.7412902282673,2.205660623409388,2.2592592592592595,175.0,2.674418604651163,3.0,3.2857142857142856,5.631067961165049,10.51526717557252,299.90281681292345
2020-11-10 21:10:00,2.7440013823119003,78.0306121877473,2.2722873902734477,2.2195121951219505,100.0,2.938144329896907,2.333333333333333,3.25,4.733333333333333,13.870967741935484,212.39219189395362
2020-11-10 21:11:00,2.508317616938176,78.64555842005545,2.3398676152913858,1.6046511627906974,46.875,2.4814814814814814,1.5000000000000007,3.25,4.35031847133758,10.258620689655173,153.81381545754994
2020-11-10 21:12:00,2.5726483940860314,86.78569625955065,2.2084948827740343,2.1578947368421053,50.0,2.5056179775280896,2.7142857142857144,3.0,4.834862385321101,11.475409836065575,168.2549101864533
2020-11-10 21:13:00,2.6478847912961214,80.31266952315934,2.144835335696878,2.3499999999999996,75.0,2.5172413793103448,2.7142857142857144,3.4000000000000004,4.528301886792454,10.0,185.61521863054088
2020-11-10 21:14:00,2.819719081110508,86.66609617205523,2.571429264464271,1.9999999999999996,175.0,2.8684210526315788,2.5999999999999996,3.5714285714285716,5.774647887323944,11.5234375,295.3951795290141
2020-11-10 21:15:00,2.8737373737373737,79.2847536792859,2.753289868529164,2.945945945945946,250.0,2.921052631578947,3.5,4.0,5.344827586206897,12.54237288135593,366.1659799666402
2020-11-10 21:16:00,2.7966101694915255,76.81806059026391,2.509769094138544,2.6969696969696972,200.0,2.5737704918032787,2.5,3.0,4.361111111111111,9.651162790697676,306.9074539444758
2020-11-10 21:17:00,2.9644128113879002,77.4510508704972,2.7052612101515536,2.333333333333333,190.0,2.6862745098039214,4.0,5.0,3.953488372093023,9.857142857142858,300.95096396440977
2020-11-10 21:18:00,2.96319018404908,79.05405405405408,2.746031746031746,2.692307692307692,100.0,2.8571428571428568,7.5,3.0,4.365853658536585,10.312499999999998,215.49108019212207
2020-11-10 21:19:00,3.0,81.08106038493277,2.640378548895899,2.619047619047619,175.0,2.8125,3.0,3.0,4.045454545454545,8.161764705882353,285.36020580421325
2020-11-10 21:20:00,2.9,76.0,2.656110407179489,2.8974358974358974,162.5,3.0,2.5,3.8000000000000003,4.057142857142857,9.038461538461538,269.3491507002198
2020-11-10 21:21:00,2.8918918918918917,61.0,2.729166666666667,2.5999999999999996,100.0,2.793103448275862,3.0,3.0,4.696969696969696,6.250000000000001,188.9611317038041
2020-11-10 21:22:00,3.0289855072463765,73.33321481428806,2.294964028776979,3.0,175.0,2.0,0.5,3.0,4.333333333333334,6.730769230769232,273.22126691441395
2020-11-10 21:23:00,2.5555555555555554,66.66666666666666,3.153846153846154,3.0,,3.0,,,5.0,10.0,93.37606837606837
2020-11-10 21:24:00,3.0,64.99959998399936,2.4594594594594597,3.0,,2.5,,,4.5,5.833333333333333,86.29239277679214
2020-11-10 21:25:00,2.764705882352941,79.41176470588235,2.78125,2.8,,3.0,3.0,3.0,6.363636363636363,8.75,111.87135695187165
2020-11-10 21:26:00,3.0,75.0,3.0,,,2.333333333333333,3.0,,4.0,10.0,100.33333333333333
2020-11-10 21:27:00,3.2857142857142856,100.0,2.7142857142857144,3.0,,3.0,,,8.75,10.0,130.75
2020-11-10 21:28:00,2.25,75.0,2.615384615384616,2.0,175.0,3.0,3.0,3.0,4.5,6.875,277.24038461538464
2020-11-10 21:29:00,3.0,66.66666666666666,2.3846153846153846,3.0,,3.0,,,5.0,9.166666666666668,92.21794871794872
2020-11-10 21:30:00,3.0,75.0,3.090909090909091,3.0,,3.0,,,3.0,7.5,97.5909090909091
2020-11-10 21:31:00,3.0,37.5,2.5555555555555554,,,0.5,,,3.0,5.0,51.55555555555556
2020-11-10 21:32:00,2.2592592592592595,79.99999999999999,2.461538461538461,3.0,,2.5,,,5.625,8.333333333333334,104.17913105413103
2020-11-10 21:33:00,3.0,66.66666666666666,2.8666666666666667,3.0,,3.0,,,5.625,13.75,97.90833333333333
2020-11-10 21:34:00,2.904761904761905,56.25,2.548387096774194,2.5,75.0,3.0,3.0,3.0,3.571428571428571,8.333333333333334,160.10791090629803
2020-11-10 21:35:00,3.16,71.42857142857143,3.03921568627451,3.0,,2.666666666666667,,,3.8000000000000003,7.5,94.59445378151261
2020-11-10 21:36:00,2.707865168539326,75.0,2.2592592592592595,2.6,,3.0000000000000004,,,4.157894736842105,8.571428571428571,98.29644773606927
2020-11-10 21:37:00,3.0,71.875,2.3445378151260505,2.5555555555555554,175.0,2.625,3.0,5.0,4.578947368421053,8.28125,278.26029073910263
2020-11-10 21:38:00,3.0185185185185186,75.0,2.908496732026144,2.333333333333333,,2.5238095238095237,,,3.5384615384615388,8.75,98.07261964614905
2020-11-10 21:39:00,2.886178861788618,75.0,2.4008810572687223,3.3076923076923075,175.0,2.7142857142857144,3.0,3.0,4.846153846153847,7.608695652173912,279.7638874393632
2020-11-10 21:40:00,3.0410958904109586,75.0,1.8924731182795704,3.0,74.99999999999999,2.909090909090909,3.0,3.0,4.199999999999999,8.214285714285715,179.25694563206713
2020-11-10 21:41:00,3.0972972972972967,77.71739130434781,2.6334231805929917,2.7777777777777777,,2.8285714285714283,3.0,,4.631578947368421,8.515625,105.20166493595573
2020-11-10 21:42:00,2.6211453744493394,80.85106382978724,2.1670702179176757,2.0,137.5,2.5384615384615383,3.0,3.0,5.967741935483871,9.21875,248.86423289609968
2020-11-10 21:43:00,2.9130434782608696,80.0925925925926,2.7928118393234675,2.2666666666666666,225.0,2.875,3.0,3.0,5.128205128205128,8.618421052631579,335.6867407576803
2020-11-10 21:44:00,2.931578947368421,81.64062499999999,2.4569983136593594,2.7142857142857144,100.0,2.8133333333333335,3.0,3.25,5.255102040816327,7.755102040816327,211.81702539027947
2020-11-10 21:45:00,2.994459833795014,77.0833314042156,2.5244094488188975,2.5999999999999996,175.0,2.6486486486486482,3.5,3.0,4.7391304347826075,8.71951219512195,282.8094919653828
2020-11-10 21:46:00,2.8746987951807235,90.0699073046764,2.598425196850394,2.789473684210526,162.5,2.8636363636363638,0.5,3.571428571428571,5.115384615384615,9.791666666666666,282.67462119803434
2020-11-10 21:47:00,3.146153846153846,93.11568856883079,2.6545454545454548,2.822222222222222,212.5,2.515151515151515,3.25,3.0,5.725806451612903,10.714285714285715,339.44385377280247
2020-11-10 21:48:00,2.6268980477223423,76.61286449092245,2.227383863080685,1.758620689655173,190.0,2.9000000000000004,3.2857142857142856,3.0,4.298507462686567,8.727272727272728,295.43726156705424
2020-11-10 21:49:00,2.8938356164383565,83.41730472610394,2.2784108492537305,2.095238095238096,153.57142857142856,3.016949152542373,2.8,3.0,4.904761904761904,11.920731707317074,269.898660623084
2020-11-10 21:50:00,2.7993421052631575,83.42117303456259,2.3808593750000004,2.3636363636363633,150.0,2.8730158730158735,2.2,3.0,4.666666666666667,10.37974683544304,264.0844402535877
2020-11-10 21:51:00,2.757668711656442,108.33302983632768,2.384006334125099,2.333333333333334,400.0,2.7066666666666666,2.6,4.166666666666666,6.675,17.588235294117645,549.5446068428935
2020-11-10 21:52:00,3.1184919210053863,97.19096998486505,2.5663082437275984,2.5294117647058822,416.66666666666663,2.8181818181818183,3.0000000000000004,3.0,6.9602272727272725,15.346534653465344,553.196792325345
2020-11-10 21:53:00,2.966777408637874,108.68390247599697,2.3288087405805022,2.016949152542373,228.57142857142858,2.690140845070423,3.0000000000000004,3.1538461538461537,6.952054794520549,15.833333333333332,376.1972414759568
2020-11-10 21:54:00,2.704545454545454,84.17412704683923,2.188824191519296,1.35,187.5,2.6794871794871797,3.0,3.0,5.915841584158415,14.785714285714286,307.29853974226387
2020-11-10 21:55:00,2.960648148148148,99.4773863942048,2.112759643916914,2.064516129032258,175.0,2.401129943502825,3.166666666666667,3.0,4.979057591623037,12.012195121951219,307.17435963904586
2020-11-10 21:56:00,2.875650334531268,92.47731872749226,2.1638570465273097,1.9705882352941169,175.0,2.725,3.0,3.909090909090909,5.409836065573769,14.18918918918919,303.7205305076988
2020-11-10 21:57:00,2.6395430211545134,90.37688965718675,2.122548567662898,1.696629213483146,195.0,2.5346534653465342,2.904761904761905,4.466666666666667,4.943775100401606,12.312030075187968,318.997497671852
2020-11-10 21:58:00,2.5818505338078293,83.88675668278327,1.7006070757463991,1.6739130434782608,140.3846153846154,2.5829787234042554,2.8000000000000007,3.0,4.800000000000001,12.244897959183675,255.6556194030191
2020-11-10 21:59:00,2.377686796315251,78.75969351291934,1.7243184307361068,0.4965277777777778,124.99999999999999,2.497630331753554,1.8888888888888888,3.1666666666666665,4.991967871485944,9.057692307692307,229.9610725842358
2020-11-10 22:00:00,2.706122448979592,75.62171129443982,1.6236082019664626,1.436781609195402,237.5,2.5020408163265304,3.3000000000000003,3.3478260869565215,5.894886363636362,9.141076609359391,343.0740534308601
2020-11-10 22:01:00,2.6595092024539886,81.99592343810545,1.617092450156246,1.58252427184466,137.5,2.5999999999999996,2.7142857142857144,3.260869565217391,4.779816513761467,9.496451175302216,248.20647233112712
2020-11-10 22:02:00,2.714073857846955,75.1097337620219,1.5215950817991102,1.1428571428571428,147.3684210526316,2.5984251968503935,2.8,3.148148148148148,4.738372093023256,8.64249501952404,249.78412135470253
2020-11-10 22:03:00,2.5655481022755025,72.11040092229209,1.3857945887818681,1.0454545454545459,140.90909090909093,2.559055118110236,2.238095238095238,3.2500000000000004,4.962848297213622,8.629066600824773,239.6553543221388
2020-11-10 22:04:00,2.612286689419795,73.82959627517712,1.1676515947259867,0.4719827586206896,147.3684210526316,2.5153583617747444,2.5238095238095237,3.076923076923077,4.910614525139664,8.915343915343916,247.39198777356611
2020-11-10 22:05:00,2.550834340042079,83.07172275062823,1.472190590760145,1.4036697247706424,108.33333333333334,2.419795221843003,2.619047619047619,3.1538461538461537,4.925501432664756,9.14864864864865,219.0985898155846
2020-11-10 22:06:00,2.9623845660010177,83.5976757365342,1.5425804372247396,1.8952380952380947,225.0,2.4972375690607738,3.0000000000000004,3.2857142857142856,5.844155844155846,9.815466922753464,339.4404534566824
2020-11-10 22:07:00,2.6940583733547894,74.7285224128704,1.3518966337494345,1.6456692913385833,146.15384615384613,2.563076923076923,2.9310344827586206,3.1875,4.916461916461916,8.903408819326694,249.0754750067835
2020-11-10 22:08:00,2.6725707182157086,77.05613584094934,1.2727701746106652,1.548387096774194,133.33333333333331,2.4498567335243555,2.25,3.4285714285714284,4.700440528634362,9.067002945040686,237.77906879965403
2020-11-10 22:09:00,2.714891361950186,78.41296978705475,1.2947309958706703,1.3039999999999998,142.1875,2.1629213483146064,2.6190476190476186,3.0,5.4064039408867,9.077777777777776,248.1802428309023
2020-11-10 22:10:00,2.6616431696645604,75.64521512885949,0.4986406985583267,1.2773722627737232,132.14285714285714,2.3072289156626504,2.8125,3.076923076923077,4.32394366197183,7.927286151462103,232.6736102087329
2020-11-10 22:11:00,2.901480712513783,85.98319799767742,1.4251177560188912,0.4887218045112782,112.49999999999999,2.409356725146199,2.9090909090909087,3.3200000000000003,4.825726141078838,8.81294964028777,225.57564168632507
2020-11-10 22:12:00,2.7647163322884003,82.39169026355856,1.4842346679849197,1.8759124087591237,175.0,2.36231884057971,3.1025641025641026,3.2500000000000004,4.502645502645503,9.09896871830729,285.8330508366876
2020-11-10 22:13:00,2.770232393140118,77.77844830415323,1.1231746475931916,1.6736842105263157,120.83333333333334,2.772511848341232,2.8181818181818183,3.606060606060606,4.546052631578947,8.317490198551814,226.23916999146064
2020-11-10 22:14:00,2.7082809243909507,76.6616725477868,1.048182970470683,1.9024390243902438,97.91666666666667,2.722488038277512,3.1142857142857143,3.0930232558139537,4.562171628721542,8.836206896551724,202.56541766735575
2020-11-10 22:15:00,2.7475872844813054,95.03416303869754,1.4973289386264999,1.564705882352941,121.42857142857142,2.789203084832905,2.8064516129032255,3.1176470588235294,5.089686098654708,9.889118198470804,245.9644626264149
2020-11-10 22:16:00,2.659996255484944,65.15432860301527,1.1631529769531808,0.4431818181818181,114.06250000000001,2.352422907488987,2.8857142857142857,3.2105263157894735,4.176010430247718,8.38689231381959,204.49472590669527
2020-11-10 22:17:00,2.7422610567435743,77.49281897964677,1.1399785596141192,1.8376963350785345,165.0,2.609958506224067,2.8260869565217392,3.166666666666667,4.822706065318818,8.737941427724667,270.37611455353897
2020-11-10 22:18:00,2.5951430312709336,74.2464405177598,0.49695091451643925,1.5158371040723981,100.0,2.4074074074074074,2.6956521739130435,3.1999999999999997,4.125313283208021,8.533240105653755,199.8159845378018
2020-11-10 22:19:00,2.4900601881967255,69.62580997032552,0.4855108599907386,1.1828571428571428,85.5263157894737,2.460446247464503,2.2413793103448274,3.1739130434782608,4.363515312916112,8.026629158206646,179.5764370232542
2020-11-10 22:20:00,2.757344071549298,77.54565931694432,0.4771990405116086,0.44375000000000003,92.1875,2.7072243346007605,2.7857142857142856,3.2962962962962963,4.493293591654248,9.238088908605718,195.93206984587653
2020-11-10 22:21:00,2.778688998265383,72.97510327678941,0.47734299507623656,1.6538461538461535,123.27586206896552,2.8168498168498166,2.8536585365853657,3.122448979591837,4.2148337595907925,8.453558733229446,222.62219331878995
2020-11-10 22:22:00,2.7357360647426185,71.97323766087169,0.4736535336052924,1.2383419689119168,124.0,2.304347826086956,2.644444444444445,3.341463414634146,4.096109839816934,8.139400921658986,220.94673567477298
2020-11-10 22:23:00,2.7101213272039884,70.54509270787719,0.47387117932621126,1.5572139303482588,119.56521739130437,2.580645161290322,2.7894736842105265,3.0930232558139537,4.293844367015099,7.939113802667093,215.547616807057
2020-11-10 22:24:00,2.7217704922624226,75.67529433382771,0.46798856682543394,1.2815533980582525,119.56521739130434,2.5054151624548737,2.957446808510638,3.4000000000000004,4.195804195804196,8.539321453366306,221.3098118024142
2020-11-10 22:25:00,2.802515335508379,86.70061526868786,0.4925680287267318,1.5447154471544717,143.26923076923077,2.1044776119402986,2.7959183673469385,3.3508771929824563,4.589683470105509,8.750020240138529,256.40062173182196
2020-11-10 22:26:00,2.5281003787100316,69.60346444010378,0.4711076833904008,1.2580645161290325,122.22222222222223,2.4237855946398663,2.7916666666666665,3.1333333333333333,4.249204665959702,8.322649572649574,217.00359907380462
2020-11-10 22:27:00,2.7300826825206563,70.23205170930012,0.45371969591506806,0.48170731707317077,192.8571428571429,2.8125960061443935,2.692307692307692,3.280701754385965,4.611047180667434,8.468092770227834,288.6194496656852
2020-11-10 22:28:00,2.568789867606722,71.57794227771488,0.45126752500475104,0.4195804195804196,150.0,2.7103235747303547,2.822222222222222,3.3636363636363638,5.311878083415197,8.711498973305956,247.93713930721688
2020-11-10 22:29:00,2.5785762321676238,81.35474335001939,0.4607944030351316,0.4436363636363636,149.03846153846155,2.3851239669421487,2.8695652173913047,3.1702127659574466,5.992302826509448,9.321033463193025,257.61445012731343
2020-11-10 22:30:00,2.5251696788356637,64.94298607792761,0.4328083356821526,1.3295880149812738,172.79411764705884,2.75,2.833333333333333,3.2033898305084745,5.023731018543986,7.755201338892203,263.5903252757635
2020-11-10 22:31:00,2.499558433912276,71.99413661470429,0.4616638569976278,0.46794871794871784,115.51724137931035,2.7981366459627335,2.1739130434782608,3.1818181818181817,4.844170632138471,7.841541040925993,211.78012854719688
2020-11-10 22:32:00,2.553121361719647,72.71078519778288,0.4528445081314115,0.4056047197640118,172.97297297297297,2.690444145356662,2.728813559322034,3.054054054054054,5.590277777777776,8.499136637870627,271.65805493475204
2020-11-10 22:33:00,2.633368365934686,72.53141487230168,0.4411103973908885,0.48646209386281586,168.38235294117646,2.5537974683544307,2.692307692307692,3.242424242424242,5.453704609950331,8.320863231324175,266.73780591502737
2020-11-10 22:34:00,2.3435292313447738,72.05634291877018,0.4600742179521013,0.4370748299319727,127.49999999999999,2.6631259484066767,2.962962962962963,3.188679245283019,5.399402606401573,8.421559373765415,225.43275133481868
2020-11-10 22:35:00,2.5664365715113266,72.1975346884516,0.4342774648576858,0.44178082191780815,113.63636363636365,2.386138613861386,1.5365853658536586,3.21875,4.917619214148855,8.260309913156405,209.5957962901224
2020-11-10 22:36:00,2.545514364635845,75.8079556568099,0.47153194335026916,0.3696883852691218,99.99911117826653,2.8839050131926123,2.6610169491525424,3.1690140845070425,4.7837709424175525,8.235049833887043,200.92655835148847
2020-11-10 22:37:00,2.847747370753866,83.63612322039756,0.4959414354041018,0.44070512820512814,150.00013888503096,2.8184319119669876,2.4035087719298245,3.5555555555555554,6.574125351712522,9.489197679633504,262.26147531059
2020-11-10 22:38:00,2.8685622827776793,88.40113100636361,0.45090916212869353,1.1142857142857139,158.06502599921726,2.3823953823953823,2.8571428571428577,3.4651162790697674,5.55811231248781,9.054514863549823,274.2171958594186
2020-11-10 22:39:00,2.4799981924030234,67.00324842005517,0.4382275144702383,0.3997005988023952,86.58549573265216,2.7513513513513512,2.793103448275862,3.2222222222222223,4.775,7.80939925498914,178.2577467352216
2020-11-10 22:40:00,2.6688432729404945,76.26214887050807,0.44653701340699886,0.4975083056478406,122.05882352941175,2.6504369538077404,2.6226415094339623,3.380952380952381,6.117924528301887,8.127994436704103,224.83381080111525
2020-11-10 22:41:00,2.6118083092676314,78.69162734589024,0.4746414343970549,0.41760563380281684,128.57090701292103,2.4702842377260987,2.6507936507936507,3.307692307692308,6.049382716049382,8.700175452201279,233.94491810074152
2020-11-10 22:42:00,2.490891704840664,78.48510815136659,0.479809484040769,0.45,116.30122808238244,2.4953271028037385,2.8133333333333335,3.5633802816901405,5.1478962472516745,8.790873610965559,221.0178479986749
2020-11-10 22:43:00,2.608894800362691,71.62258179586345,0.43611069260544183,0.43939393939393934,97.65625,2.829885057471264,2.361702127659574,3.2608695652173916,4.993914742260356,8.663734083495932,194.87333680433002
2020-11-10 22:44:00,2.5070142850348995,78.33979476642263,0.4464564934378841,0.43646408839779005,129.99848886426298,2.575376884422111,2.931034482758621,3.484848484848485,5.549996237427733,8.910333759613067,235.1798083466262
2020-11-10 22:45:00,2.7872489067379433,82.74417654093428,0.4676782268420885,1.6928571428571428,127.71789695490618,2.554987212276215,2.913043478260869,3.253521126760563,5.600649350649349,9.363892686624482,239.09595162684906
2020-11-10 22:46:00,2.8370308021401573,83.78672230854114,0.49523366914151856,0.48125,141.4484972140742,2.345945945945946,2.541666666666666,3.2222222222222223,6.039319167867436,9.488394081950393,252.68628207854968
2020-11-10 22:47:00,2.749598072192221,81.67116073303436,0.44890817132071226,0.43271954674220964,142.00040001333377,2.88056206088993,1.88,3.424242424242424,6.264872755595539,9.090889041600597,250.8433528189518
2020-11-10 22:48:00,2.6622216026059236,78.94405149169212,0.4782970792032401,1.0070671378091869,151.13636363636363,2.4027954256670903,2.7941176470588234,3.3287671232876717,5.817793331510735,8.7933879736012,257.3648624487996
2020-11-10 22:49:00,2.5754563626079454,72.71418450359421,0.44955553453231806,0.4703525641025641,109.08921031898346,2.4613583138173305,2.7777777777777777,3.30188679245283,5.161483341311441,8.39669169882129,207.39795720800117
2020-11-10 22:50:00,2.4609523107228117,80.48380044008302,0.4539261131253522,0.48161764705882354,138.29787234042553,2.7309417040358746,2.3725490196078427,3.6666666666666665,5.286377708978327,8.45934662545849,244.69405057616274
2020-11-10 22:51:00,2.7446989617759114,90.28686525932807,0.4726063685175323,1.1483870967741934,130.46852049777178,2.587878787878788,2.849056603773585,3.314285714285714,6.0926374150025016,9.666050964575458,249.63098766968355
2020-11-10 22:52:00,2.6639282446995187,84.56964842520082,0.4599687900303703,0.47870662460567825,154.8076923076923,2.8257839721254356,3.0,3.444444444444444,7.061289369086833,9.926729390003107,269.2381915678885
2020-11-10 22:53:00,2.733224032683031,77.37631931528813,0.44707540199990903,0.45882352941176474,116.66637346439165,2.4110275689223064,1.1999999999999997,3.464285714285714,5.324000000000001,8.633567431577376,218.7146964585599
2020-11-10 22:54:00,2.644636716133286,77.86626295782511,0.446544097692719,0.4398280802292264,148.43817706076464,2.717976318622175,2.549295774647887,3.444444444444444,6.791016940989235,9.196578849878108,254.53476124122685
2020-11-10 22:55:00,2.7554340570607216,89.10079282998987,0.4771492232556662,1.4701754385964914,146.27661611383817,2.4547563805104406,3.413793103448276,3.2686567164179103,8.037990488309019,10.908551844374134,268.1639161958007
2020-11-10 22:56:00,2.5900215593731666,84.88230369696211,0.4684445848283144,0.47413793103448276,135.0,2.1834170854271355,2.8769230769230774,3.2191780821917813,6.740384615384616,9.689084511826149,248.12389514395082
2020-11-10 22:57:00,2.522132187342094,77.48760014278163,0.44263159732387003,0.45094936708860756,111.53964503919885,2.591022443890274,2.698630136986301,3.2352941176470593,7.004332308116048,9.344313669296898,217.3165510096716
2020-11-10 22:58:00,2.4864083136339685,75.43380205900905,0.44990372612641005,0.4838028169014084,128.5721712242115,2.302045728038508,2.8028169014084505,3.307692307692308,5.747626582278482,8.405718101870152,229.99198776117026
2020-11-10 22:59:00,2.494774370338769,75.87333081661886,0.4189406553078231,0.4614754098360655,106.42924902089271,2.5250000000000004,1.3157894736842106,3.4166666666666665,6.682870994629589,8.622843315861141,208.24094072383582
2020-11-10 23:00:00,2.649195439538985,82.3870276086345,0.46243899232059293,0.4744318181818181,144.99971999178644,2.654501216545012,3.1492537313432836,3.607142857142857,6.348714935776579,9.25728776127132,255.98971435254137
2020-11-10 23:01:00,2.893176342448006,104.6996713656135,1.1622561876213302,1.101382488479263,178.57108277686865,2.588159588159588,2.142857142857143,3.3529411764705883,7.898089171974523,13.760494885014506,318.17011112550705
2020-11-10 23:02:00,2.4526292515690558,79.78293362574088,0.4534724083464037,0.4661016949152542,108.52243027894482,2.6513966480446927,0.410377358490566,3.324324324324324,6.032520325203253,8.471438294755988,212.56762421033523
2020-11-10 23:03:00,2.346292036837985,73.39732462298974,0.420674876800335,0.461021505376344,117.85678003095359,2.371356147021546,2.6875000000000004,3.282051282051282,6.181019286311871,8.337171137624363,217.34119092596706
2020-11-10 23:04:00,2.513777883040013,91.59569551005167,1.0493782544825327,0.48968253968253966,128.5714285714286,2.47380410022779,2.701492537313433,3.4705882352941178,7.92208747567134,10.322118394244605,251.11005350143662
2020-11-10 23:05:00,2.455363261680535,76.19742028494841,0.4684660129308329,0.3958837772397094,108.33172838317323,2.5912743972445464,2.6756756756756754,3.3157894736842106,6.4877049180327875,9.259378198531616,212.17868438314153
2020-11-10 23:06:00,2.5454304268297596,87.50049357801603,0.47198411022825526,1.5194805194805203,140.7132326470437,2.823788546255507,2.735849056603774,3.3636363636363638,6.977832680634354,9.917733089579524,258.5694610183078
2020-11-10 23:07:00,2.544865763421348,75.8405713622113,0.43327813789118674,0.40453460620525056,105.17230677272518,2.594167679222357,2.162790697674419,3.170731707317073,6.1927330173775665,8.8249085622203,207.34088830626598
2020-11-10 23:08:00,2.468733904126684,79.45866276423199,0.4302736276060938,0.47835820895522396,133.51063829787233,2.8358061325420376,2.7600000000000002,3.1728395061728394,7.056709265175719,8.753748548462031,240.92577025514493
2020-11-10 23:09:00,2.8005519971317914,85.24324627232764,0.4730367758927054,1.309278350515464,137.49977273622554,2.775923718712753,2.8666666666666663,3.4411764705882355,7.002648549264638,8.929141467898404,252.34144300522385
2020-11-10 23:10:00,2.5762732787324176,70.58376241582518,0.4476379388304965,0.4161931818181819,126.92307692307693,1.956175298804781,2.9629629629629632,3.3571428571428568,5.543143297380586,8.151693667157584,222.918061821732
2020-11-10 23:11:00,2.60272334831986,79.77629378135924,0.4616977213070925,0.4015513126491647,154.5487611923107,2.481927710843374,3.0,3.1904761904761907,6.985666104553121,9.415073663839545,262.8641710256583
2020-11-10 23:12:00,2.527263009419281,81.33664567440628,0.4693977463785053,1.2724014336917566,161.95652173913044,2.4314465408805033,2.4999999999999996,3.430769230769231,7.5938396381293,9.293169680904201,272.8114546937095
2020-11-10 23:13:00,2.6550562742323436,85.36475761008947,0.47554619103853807,0.49914675767918093,94.69626281476454,2.61764705882353,2.92,3.1875,7.038408980362124,9.676720380589561,209.13104606757932
2020-11-10 23:14:00,2.297672422333865,70.33389052108376,0.4416464568107155,0.36516203703703703,102.27204777219319,2.540386803185438,2.4333333333333336,3.2972972972972974,5.250854332930641,8.33093525179856,197.56322622800383
2020-11-10 23:15:00,2.4371583654771047,74.4020015451507,0.43875292088259565,0.41020671834625316,97.43597195108192,2.348668280871671,3.0000000000000004,3.2399999999999998,5.9601420751427545,8.853675601259294,198.52657745821227
2020-11-10 23:16:00,2.559184867861929,78.71083119768822,0.46536275878687994,1.8087774294670849,135.21968548229307,2.2540106951871657,2.791044776119403,3.1875,6.637698013015168,8.78900954624022,242.42310476665915
2020-11-10 23:17:00,2.568070479553586,76.15602570691553,0.46247279559726306,0.4607558139534884,120.12289704354444,2.317006802721089,2.61764705882353,3.2531645569620253,6.020882655278425,9.354605744998986,223.33352865834837
2020-11-10 23:18:00,2.8429640794059967,95.04700272387885,1.0013287514239242,1.5620915032679736,164.5,2.2657252888318355,3.070175438596491,3.378378378378378,9.014598540145984,12.729342211811204,295.41160691574066
2020-11-10 23:19:00,2.6264772483896266,84.71127533622463,0.4733432611483287,0.44620253164556956,138.2973721275597,2.677002583979328,3.0923076923076924,3.2153846153846155,6.426526717557252,8.824052206714033,250.78994432091076
2020-11-10 23:20:00,2.618793465658582,74.53748075852324,0.4483902477196984,0.3373842592592593,110.41666666666666,2.858708891595615,2.659574468085107,3.1052631578947367,6.482756342197423,8.68823391852982,212.15325217613014
2020-11-10 23:21:00,2.6025810733157835,72.76376569383268,0.4427707645627045,0.43269230769230765,84.44439341571346,2.616216216216216,1.75,3.128205128205128,5.311416872433798,8.28970478764014,181.78174625961225
2020-11-10 23:22:00,2.6773387151778145,73.72998491882248,0.42287599834313816,1.0528634361233489,133.13953488372093,2.4223512336719883,2.966666666666667,3.307692307692308,6.099452554744525,8.395773156892506,234.2145338718557
2020-11-10 23:23:00,2.5340980464717218,69.62250024863384,0.4287610546986648,0.4513422818791946,93.0557947623889,2.559888579387186,3.0344827586206895,3.1016949152542375,5.153631284916202,8.41679982646503,188.35899375871568
2020-11-10 23:24:00,2.5373271498565027,74.35772305406536,0.45440916972117584,0.41563467492260064,122.91560964228444,2.4550724637681163,2.7627118644067794,3.121212121212121,5.169683257918552,9.280612858439845,223.4699962565955
2020-11-10 23:25:00,2.4978649503793307,80.20825146189829,0.456878732305356,0.45303030303030306,142.61363636363637,2.5500000000000003,2.746478873239437,3.238805970149254,7.0405765499811865,8.540391027519533,250.34591423213908
2020-11-10 23:26:00,2.4715909791379467,69.92002434564806,0.44059869126225104,0.44833333333333336,113.39294643154773,2.7479892761394105,1.8421052631578947,3.2028985507246377,4.90262508404018,7.969503881929878,207.33861583692132
2020-11-10 23:27:00,2.50668137984081,70.85736516380895,0.40759522469330617,0.48020833333333335,98.95833333333334,2.515406162464986,2.666666666666667,3.127659574468085,4.92489270386266,8.40619260063293,194.85100114310507
2020-11-10 23:28:00,2.4972859046522276,71.79586129131067,0.44684917346062863,0.4206484641638225,112.50055543212618,2.649331352154532,2.608695652173913,3.2181818181818183,5.5517578125,8.49437148217636,210.18353838290014
2020-11-10 23:29:00,2.7536301653355038,71.66806245570419,0.4363582796352484,0.4962406015037593,146.875,2.7172932330827066,2.8076923076923075,3.2105263157894735,4.885082872928177,8.116138507614275,243.96602473928561
2020-11-10 23:30:00,2.7150681918397783,81.39476998096693,0.46283071727890435,0.40636042402826855,124.99999999999999,2.624223602484472,2.8666666666666663,3.2413793103448274,5.742009287122851,8.616339460325815,233.06964764105845
2020-11-10 23:31:00,2.7000277330010443,79.46121317196713,0.48683540419526994,0.48201438848920863,131.0351604702161,2.8542635658914732,2.719298245614035,3.153846153846154,5.177572852415599,8.526942544133068,236.59717452976912
2020-11-10 23:32:00,2.589325181432032,67.46701083874368,0.4422219472812535,0.48333333333333334,99.99968251750916,2.818476499189627,2.5918367346938775,3.150943396226415,4.857260499326772,8.421052631578949,192.8211435793151
2020-11-10 23:33:00,2.482998759852478,66.36850639719626,0.438747068990907,0.4431407942238268,116.40625,2.634304207119741,2.803921568627451,3.0625,4.859999999999999,7.872674808752356,207.373043604763
2020-11-10 23:34:00,2.594190204330477,67.42326021003687,0.45027593504412644,0.4524253731343283,89.99916008063227,2.5478260869565217,2.627906976744186,3.3333333333333335,4.8509586779268865,7.863182178890964,182.14251905702992
2020-11-10 23:35:00,2.691050979593023,69.35490404573265,0.4903022093898802,0.4604700854700855,126.78571428571428,2.769352290679305,2.6,3.4390243902439024,4.978426898313776,8.413149884555706,221.98239506969261
2020-11-10 23:36:00,2.6162901093479483,74.00757786304237,0.4895663316747431,1.0212765957446808,126.78571428571429,2.472924187725632,2.441860465116279,3.3749999999999996,5.342178770949722,8.554887756733109,227.10727636604878
2020-11-10 23:37:00,2.4779857815753874,72.04897173337632,0.46262000646795753,0.46381578947368424,127.6328809229733,2.5437881873727086,2.578947368421053,3.1777777777777776,4.93687707641196,8.376282265071925,224.69994690892204
2020-11-10 23:38:00,2.5583960561641024,81.36249596538184,0.4933309490265157,0.4264705882352941,119.73434951149775,2.7163904235727445,2.793103448275862,3.2941176470588234,6.942949421038653,9.036836052137588,229.3584400623892
2020-11-10 23:39:00,2.6866433867823254,65.1274621398521,0.4668179587831207,1.3258426966292136,99.9988888888889,2.5636363636363635,2.588235294117647,3.2222222222222223,4.488887250012057,7.799539170506913,190.26817537143083
2020-11-10 23:40:00,2.7477276753775897,73.9863454180555,0.487094445594253,1.5771144278606968,169.82758620689657,2.6494845360824746,2.862068965517241,3.2051282051282053,5.0225970835822435,8.619994558924109,270.9851415230189
2020-11-10 23:41:00,2.510054330485903,75.39320912241844,0.4646580112992986,1.147239263803681,103.57142857142856,2.5216494845360824,2.4871794871794872,3.3333333333333335,5.272612023019236,8.793655847338709,205.4950194748427
2020-11-10 23:42:00,2.6216052996105486,73.00263487574159,0.4918618117680198,0.48628048780487804,168.1818181818182,2.5532359081419624,2.761904761904762,3.2222222222222223,5.6321839080459775,8.779727617302232,267.7334750743604
2020-11-10 23:43:00,2.634403377272968,70.55426749577693,0.49121099011619906,1.5792349726775958,145.0,2.6831275720164616,2.411764705882353,3.2439024390243905,5.260816131792407,9.166664266111056,243.02539195067038
2020-11-10 23:44:00,2.5598148733450765,69.8878216278716,0.47551324909650755,0.4166666666666667,124.99999999999999,2.4704595185995624,2.875,3.150943396226415,5.76672103883357,8.753543155543742,221.35648352618315
2020-11-10 23:45:00,2.5709556835891396,70.93829208430549,0.48059768064228353,1.2727272727272732,107.50000000000003,2.4951456310679614,2.7948717948717947,3.2051282051282053,4.703658408940737,8.781132628767685,204.7425093900406
2020-11-10 23:46:00,2.615908276603368,90.01695600942648,1.1366273414864299,0.47740963855421686,145.00000000000003,2.7217391304347833,2.5757575757575757,3.4285714285714284,8.152173913043477,13.809904272955773,269.93504758683355
2020-11-10 23:47:00,2.5396996116532744,73.34852739454959,1.0154400028829011,0.49609375,133.75,2.5809018567639255,2.666666666666667,3.3809523809523814,4.8890942698706095,8.34706887102006,233.01444480435939
2020-11-10 23:48:00,2.6475930971843784,67.98936382218132,1.271272955442741,0.5,132.14285714285714,2.3224043715846996,2.375,3.689655172413793,4.87109375,8.543046357615893,226.35228666927998
2020-11-10 23:49:00,2.7215799614643545,69.39806823815717,1.1834032176176914,0.4279141104294479,100.0,2.8301886792452833,2.7857142857142856,3.2580645161290325,5.211953697122383,8.640327629106503,196.45721433498616
2020-11-10 23:50:00,2.4189617613697747,68.01721713136972,1.0511352787718735,1.1280000000000003,96.87499999999999,2.2590361445783134,2.8333333333333335,3.24,4.369530143505539,8.221556129916369,190.4137699228449
2020-11-10 23:51:00,2.585098458289459,75.42849355153731,1.0770535577735112,1.6301369863013697,120.45454545454545,2.1753846153846155,2.8181818181818183,3.2285714285714286,4.394059405940594,8.755458515283845,222.54698379180942
2020-11-10 23:52:00,2.579597319486707,69.67677670391022,1.2967104445732829,1.1343283582089547,97.22222222222223,2.069444444444444,2.5238095238095237,3.055555555555556,4.115241635687733,8.495391504515899,192.16907771241458
2020-11-10 23:53:00,2.463063967646871,68.91410845793575,1.3567153387404902,1.3166666666666664,116.07142857142858,2.4322580645161294,2.3636363636363638,3.181818181818182,4.292929292929292,9.03946373072084,211.43208863603917
2020-11-10 23:54:00,2.4664949111536645,68.91001039645002,1.4483459638620833,1.1980198019801984,143.75,2.453287197231834,2.739130434782609,3.0952380952380953,4.4364896073903,8.483014794610698,238.98003120269948
2020-11-10 23:55:00,2.6221745978610156,73.4855667381474,1.319544648279884,1.950495049504951,125.0,2.523465703971119,2.5294117647058827,3.0,4.45278450363196,9.071856287425149,225.95529929352733
2020-11-10 23:56:00,2.6298665468371816,80.50236376494419,1.4178187403993858,1.6718749999999996,166.66666666666666,2.672862453531599,2.76,3.1538461538461537,4.598014888337469,9.999992470504814,276.0733066850674
2020-11-10 23:57:00,2.5151922474645905,70.57999919713475,1.3225074033449626,0.494949494949495,143.75,2.75,2.916666666666667,3.434782608695652,4.316831683168317,8.278443113772454,240.3593724151969
2020-11-10 23:58:00,2.754124833153181,83.88768872214683,1.493354716913504,1.9724770642201837,153.57142857142856,2.299539170506913,2.75,3.3636363636363638,4.583577712609971,10.1575427548628,266.8333699094783
2020-11-10 23:59:00,2.654447641730146,73.02597694631542,1.497575745933331,1.9696969696969693,48.4375,2.2941176470588234,2.125,3.1666666666666665,4.313609467455621,9.322916666666666,148.80750775152364
2020-11-11 00:00:00,2.5880607466409913,68.4344532755726,1.4952287268087392,1.7500000000000002,100.0,2.469767441860465,3.1599999999999997,3.0689655172413794,4.0144230769230775,8.484257352266757,195.46515613731398
2020-11-11 00:01:00,2.5046767546141933,72.635136062544,1.5791464860081894,1.380952380952381,112.5,2.4871794871794877,2.8181818181818183,3.3157894736842106,4.524528301886793,9.208364469754844,212.95395523480593
2020-11-11 00:02:00,2.552283969931908,73.83036233807417,1.8312255701537927,1.4810126582278478,79.99999999999999,2.0163934426229506,2.875,3.235294117647059,4.126213592233009,9.410569105691057,181.35835479458177
2020-11-11 00:03:00,2.5547147871631157,73.8363443127534,1.8255494505494507,1.8292682926829271,162.5,2.476923076923077,2.7333333333333334,3.125,4.496124031007753,9.380743694092061,264.7580009785051
2020-11-11 00:04:00,2.583075335397317,74.52799585101448,1.8847644243639443,1.5499999999999998,95.83333333333334,2.527950310559006,2.8000000000000003,3.125,4.732142857142858,9.020840185428817,198.58510229723979
2020-11-11 00:05:00,2.4844484143807986,74.47912132888405,1.9496229845534243,1.901408450704225,100.0,2.533333333333333,2.666666666666667,3.111111111111111,4.46218487394958,10.225452589512818,203.81334975309602
2020-11-11 00:06:00,2.4848485613764293,66.91310163483061,1.8863326997869359,2.1612903225806455,87.5,2.408805031446541,1.4444444444444442,3.2,4.436619718309859,9.879518072289157,182.31496048506463
2020-11-11 00:07:00,2.602679114628219,77.33806161197903,2.1311728395061724,2.4933333333333336,187.50000000000003,2.3617021276595747,3.1538461538461537,3.2666666666666666,4.27536231884058,10.600000000000001,295.72282416645976
2020-11-11 00:08:00,2.4399961812090956,75.20435917205491,1.9116949427401932,1.8196721311475408,130.0,2.569620253164557,2.75,3.666666666666667,4.566502463054187,10.26086956521739,235.18938137525453
2020-11-11 00:09:00,2.746029037452806,73.36883456031164,2.222943722943723,1.4210526315789478,118.75,2.796296296296296,2.1999999999999997,3.0,4.464566929133857,9.423076923076923,220.3928001007942
2020-11-11 00:10:00,2.8159494372676113,74.74739720071182,2.436591080393628,2.5,150.0,2.7815126050420167,2.666666666666667,3.2857142857142856,4.671232876712328,11.129032258064516,257.0340964105729
2020-11-11 00:11:00,2.614812971250771,80.12805665995481,2.100217514082939,2.0303030303030303,250.0,2.5892857142857144,3.181818181818182,3.0,5.833333333333334,10.1,361.5778274050288
2020-11-11 00:12:00,2.980430212530435,82.35369814424266,2.578659370725034,2.9428571428571426,125.0,2.438202247191011,3.3333333333333335,3.5,6.454545454545454,17.07547169811321,248.6571976035383
2020-11-11 00:13:00,2.619631901840491,71.87516335501195,2.4025670945157525,2.3684210526315788,160.0,2.8235294117647056,2.333333333333333,3.571428571428571,5.032051282051281,10.308219178082194,263.33434518065985
2020-11-11 00:14:00,2.691609977324263,77.77855491281916,2.6113161131611307,2.5813953488372094,212.5,2.9787234042553195,3.0,3.8000000000000003,4.978021978021978,13.470149253731343,326.3897709881504
2020-11-11 00:15:00,,,,,,,,,,,0.0
