Time,cartservice,shippingservice,currencyservice,adservice,emailservice,productcatalogservice,checkoutservice,paymentservice,recommendationservice,frontend,Total
2020-11-04 20:59:00,,,3.0,3.0,,0.25,,,,,6.25
2020-11-04 21:00:00,,,,,,,,,,,0.0
2020-11-04 21:01:00,4.851063829787234,2.272727272727273,2.944798301486199,4.852941176470589,3.2857142857142856,2.5843137254901962,118.75000000000003,1.5,13.409090909090908,101.17187500000003,255.62252450076673
2020-11-04 21:02:00,8.26923076923077,2.626373626373627,3.638852672750978,4.818181818181818,3.933333333333333,3.4684252597921663,179.6875,3.133333333333333,18.841059602649008,383.68055555555554,612.0968459712005
2020-11-04 21:03:00,12.938144329896906,3.51063829787234,6.781674208144796,7.947761194029852,4.636363636363637,7.7002503128911135,270.8333333333333,3.5,49.01685393258427,705.6962025316456,1072.5612217767616
2020-11-04 21:04:00,15.33269961977186,3.3800000000000003,12.106617647058822,7.743362831858407,3.5999999999999996,9.084467120181408,228.57142857142858,2.789473684210526,75.34482758620689,1633.5294117647059,1991.4822888254223
2020-11-04 21:05:00,16.829268292682926,3.756756756756757,15.305094786729857,7.4523809523809526,4.066666666666666,14.322824156305508,220.0,3.3529411764705888,175.81521739130437,2747.252747252747,3208.1538974320447
2020-11-04 21:06:00,19.914383561643838,3.5252525252525246,17.298387096774192,6.0114503816793885,3.823529411764706,13.963245492371703,437.5,3.133333333333333,154.48113207547172,2367.158671586716,3026.8093854650074
2020-11-04 21:07:00,11.700000000000001,4.295238095238096,16.758664955070603,5.592783505154639,4.125,14.337534059945506,354.16666666666674,3.1333333333333337,321.28099173553716,3058.139534883721,3793.529747234667
2020-11-04 21:08:00,13.465909090909088,3.560747663551402,9.774336283185843,4.648979591836734,3.56,11.628546612623046,287.5,3.095238095238095,200.41322314049586,2479.651162790698,3017.2981432685383
2020-11-04 21:09:00,22.775423728813557,3.6074074074074076,12.211815561959654,4.917948717948718,4.882352941176471,14.450664800559831,416.6666666666667,3.947368421052631,396.6049382716049,2988.997555012225,3869.0621415294145
2020-11-04 21:10:00,16.377388535031844,3.2362204724409454,16.74016686531585,5.972222222222223,3.6363636363636367,10.933583959899753,295.4545454545455,3.235294117647059,117.97945205479454,3348.214285714286,3821.7795230325473
2020-11-04 21:11:00,17.652027027027025,4.443298969072165,12.50642673521851,7.971311475409836,3.5714285714285716,15.62743823146944,319.44444444444446,3.2222222222222228,175.0,2451.219512195122,3010.6581098714146
2020-11-04 21:12:00,14.866220735785951,3.6991869918699187,20.10362694300518,6.725,4.818181818181818,13.622641509433965,363.6363636363636,2.375,169.078947368421,2980.4804804804808,3579.405649483542
2020-11-04 21:13:00,14.438202247191011,3.8818897637795273,16.6031746031746,4.9282051282051285,5.7142857142857135,14.605157131345688,388.1578947368421,3.0909090909090904,226.16822429906543,2112.068965517241,2789.6569082320393
2020-11-04 21:14:00,16.721153846153843,3.9000000000000004,15.128040973111396,5.5894308943089435,3.0909090909090913,15.470768184908223,364.5833333333333,2.8823529411764706,158.1395348837209,2768.361581920904,3353.867106068526
2020-11-04 21:15:00,16.373626373626372,4.325301204819277,17.285435630689204,5.804794520547945,3.736842105263158,14.989106753812635,458.33333333333337,3.588235294117647,187.41007194244605,2939.1025641025644,3650.94931126122
2020-11-04 21:16:00,15.369565217391305,3.685185185185185,15.607057416267942,4.877551020408163,3.4347826086956523,9.972660996354799,375.0,3.2857142857142856,158.92857142857142,2525.0716332378224,3115.2327213964113
2020-11-04 21:17:00,17.5,3.953271028037382,17.650375939849624,5.389344262295083,3.923076923076923,11.651583710407238,312.5,3.3636363636363633,248.41549295774652,1945.0,2569.346781185049
2020-11-04 21:18:00,17.533333333333335,3.3333333333333335,17.30504587155963,5.616666666666666,4.052631578947368,10.899632802937576,446.42857142857144,3.0000000000000004,423.8505747126437,2995.97855227882,3927.9983420068133
2020-11-04 21:19:00,15.867507886435334,3.915254237288136,18.39962121212121,6.334586466165414,4.6,14.84268707482993,500.0,3.111111111111111,273.39572192513367,2836.6583541147133,3677.124844027798
2020-11-04 21:20:00,16.22013651877133,3.080645161290323,14.058154235145388,6.170212765957446,3.666666666666666,12.410344827586204,325.0,2.6190476190476195,204.66417910447757,3137.5838926174492,3725.473279516392
2020-11-04 21:21:00,9.463562753036438,3.389261744966443,9.699675324675322,4.72972972972973,3.814814814814815,6.203987730061349,205.6818181818182,2.724137931034483,68.32298136645963,1333.157894736842,1647.1878643134385
2020-11-04 21:22:00,16.986970684039086,4.140186915887851,8.997035573122528,4.478260869565218,3.615384615384615,7.164734120099989,243.1818181818182,3.0,27.842261616034225,2202.727272727273,2522.1339253032247
2020-11-04 21:23:00,16.771844660194176,2.9696969696969697,7.12382445141066,4.880184331797235,3.72,6.69446704637917,233.33333333333331,3.125,27.3442383649051,1794.90022172949,2100.8628108872067
2020-11-04 21:24:00,16.408227848101266,3.1120000000000005,7.5711237553342805,5.805555555555555,4.428571428571429,6.922913117546849,266.66666666666663,3.3333333333333335,24.31855069081475,1761.4285714285716,2099.9955138244954
2020-11-04 21:25:00,14.191176470588239,3.990291262135922,7.598101656953357,6.273148148148149,3.4000000000000004,6.606534094912368,340.9090909090909,2.833333333333333,26.46484375,1917.1087533156497,2329.375272940812
2020-11-04 21:26:00,11.633435582822084,3.741935483870967,6.092715231788079,6.138613861386138,3.761904761904762,4.5733482642777155,291.6666666666667,2.727272727272727,22.55115740280754,1379.9126637554584,1732.7997137382552
2020-11-04 21:27:00,14.372340425531915,3.127906976744186,6.531084656084658,6.11842105263158,4.1,4.480401093892434,468.75,2.6799999999999997,22.217898435155924,1706.034482758621,2238.4125353986615
2020-11-04 21:28:00,17.705882352941174,3.688311688311688,7.090030603433862,4.801724137931035,4.222222222222221,4.463761671854158,500.0,3.230769230769231,33.050847457627114,1665.5722326454033,2243.8257820104936
2020-11-04 21:29:00,16.257961783439487,3.45,7.800991501416431,5.392857142857142,3.769230769230769,4.621646623496762,200.0,2.928571428571429,24.054878825459014,1593.390804597701,1861.666942672172
2020-11-04 21:30:00,13.586956521739133,3.383561643835616,6.0491996908427,5.27972027972028,3.4210526315789473,4.019448946515398,233.92857142857144,2.9375000000000004,21.489812733483188,1516.4772727272727,1810.5730966035594
2020-11-04 21:31:00,17.55952380952381,3.945205479452055,6.652542372881356,5.3061224489795915,3.888888888888889,4.315307457479285,223.2142857142857,2.7391304347826084,30.04634551881165,1710.302457466919,2007.969809592004
2020-11-04 21:32:00,15.840707964601773,3.2297297297297294,6.615100633892547,5.562499999999999,3.666666666666667,4.313964386129335,222.72727272727275,2.6363636363636367,24.026475916474027,1806.133056133056,2094.7518377941865
2020-11-04 21:33:00,13.508771929824562,3.4000000000000004,6.45,4.897872340425531,3.857142857142857,4.438231469440833,214.7058823529412,2.5555555555555554,23.7620189549533,1644.1532258064515,1921.7287012667352
2020-11-04 21:34:00,29.285714285714292,3.2758620689655173,6.000656167979002,5.160550458715597,6.071428571428571,4.238621863037006,366.07142857142856,2.84,32.44047619047619,1691.0714285714287,2146.4561667491735
2020-11-04 21:35:00,12.528089887640448,3.44927536231884,7.3474852666567845,5.058593750000001,4.142857142857143,4.582394735708838,386.3636363636363,2.777777777777778,23.487124463519315,1621.18320610687,2070.920440856986
2020-11-04 21:36:00,21.740654205607477,3.1726618705035974,6.255227772995978,4.7407407407407405,3.5384615384615383,4.360842844600526,421.87500000000006,2.3684210526315788,31.53058299962582,1515.5502392344497,2015.132832259617
2020-11-04 21:37:00,17.07641196013289,3.991869918699187,6.127129750982962,6.068181818181817,3.48,4.181415143372524,210.71428571428572,2.5652173913043477,22.1378450700671,1499.5029821073558,1775.8453388743824
2020-11-04 21:38:00,13.841463414634145,3.415094339622642,7.477443609022556,6.04895104895105,4.333333333333333,4.329113924050633,295.45454545454544,3.0,22.799227799227797,1666.9505962521293,2027.649769175517
2020-11-04 21:39:00,19.142561983471072,3.597014925373134,7.025309962068394,5.029411764705882,3.6666666666666665,4.520992366412214,186.53846153846155,3.090909090909091,36.57813967772732,1729.2993630573246,1998.4888310331198
2020-11-04 21:40:00,13.950381679389313,3.391608391608392,6.261792452830187,4.52808988764045,3.181818181818182,4.0117739403453685,238.46153846153848,2.6842105263157894,21.536057426864105,1446.6560509554138,1744.663321903764
2020-11-04 21:41:00,15.247524752475243,3.3597122302158273,8.132295719844358,4.1833910034602075,3.16,4.459643710576223,212.5,2.7391304347826084,24.616846364446825,1776.9138755980862,2055.3124198138876
2020-11-04 21:42:00,16.29032258064516,3.0419580419580416,8.239507035120894,6.234177215189874,4.200000000000001,4.22636815920398,307.6923076923077,3.3571428571428568,24.37244467805148,1627.0903010033446,2004.7445292629645
2020-11-04 21:43:00,12.574999999999998,3.3484848484848486,6.641725352112676,4.915611814345992,3.31578947368421,4.54521510096576,260.4166666666667,2.7777777777777777,22.906976744186046,1598.4848484848485,1919.9280962630726
2020-11-04 21:44:00,15.353697749196144,3.02247191011236,6.780936454849499,4.296442687747035,4.0,3.8773903262092233,272.72727272727275,2.888888888888889,22.666666666666668,1322.0035778175313,1657.6173452284738
2020-11-04 21:45:00,19.508064516129032,3.3714285714285714,6.846092503987241,4.708502024291498,4.866666666666667,4.165244429717345,291.66666666666663,2.769230769230769,24.204081632653057,1639.4316163410301,2001.537594121801
2020-11-04 21:46:00,15.927419354838712,3.343949044585987,5.500730994152047,4.326241134751773,3.6956521739130435,4.493294247800808,207.81250000000003,2.9166666666666665,22.16954000568795,1728.181818181818,1998.367811804215
2020-11-04 21:47:00,15.47112462006079,3.5028571428571427,6.5014792899408285,4.811158798283262,3.5999999999999996,4.4605845881310895,295.45454545454544,3.1176470588235294,27.00381679389313,1585.5263157894738,1949.4495295360089
2020-11-04 21:48:00,22.172131147540988,3.1282051282051286,6.917922948073702,4.541125541125542,3.909090909090909,4.297670405522002,300.0,2.9000000000000004,24.33628318584071,1488.8132295719843,1861.0156588373832
2020-11-04 21:49:00,17.147651006711413,4.018867924528302,7.644927536231883,6.923076923076922,3.823529411764706,4.499077490774908,250.0,2.6666666666666665,24.190232752653436,1561.0236220472439,1881.937651759652
2020-11-04 21:50:00,15.580204778156997,3.1904761904761907,6.804964539007092,4.788990825688074,3.518518518518518,3.948386426013669,250.0,2.7142857142857144,23.09615384615385,1393.847487001733,1707.4894678400333
2020-11-04 21:51:00,19.659810126582276,3.165517241379311,7.260522496371552,5.333333333333334,3.2857142857142856,4.544528134692068,395.83333333333337,2.9375,24.457831325301207,1773.6686390532545,2240.146729329962
2020-11-04 21:52:00,13.291139240506329,3.510344827586207,7.30593607305936,6.017857142857143,4.0,4.67289216506059,357.1428571428571,3.0,22.977528089887638,1618.1592039800998,2040.0777586619142
2020-11-04 21:53:00,13.226415094339625,3.5839416058394162,6.1476725521669335,4.828571428571429,3.8695652173913038,4.1625418135506305,220.0,2.8,21.781496062992126,1586.206896551724,1866.6071003265754
2020-11-04 21:54:00,13.300970873786406,3.394160583941606,7.358401873491124,5.177304964539007,3.1904761904761907,4.359454855195911,250.0,2.4117647058823533,23.924238127011343,1526.8485915492956,1839.9653637236195
2020-11-04 21:55:00,15.769230769230768,3.7478260869565223,8.583616999655073,5.8991228070175445,3.6666666666666665,4.20017793594306,270.8333333333333,2.4,31.007751937984505,1588.7850467289718,1934.8927732657592
2020-11-04 21:56:00,16.768292682926827,3.553191489361702,7.130973727080894,5.20440251572327,4.411764705882353,4.627635711081201,258.92857142857144,2.9000000000000004,24.086537992209898,1663.3986928104578,1991.0100630632953
2020-11-04 21:57:00,18.324468085106382,3.5323741007194247,7.782714054927304,4.5094339622641515,3.5454545454545454,4.522842639593907,205.88235294117646,2.3333333333333335,29.293893129770986,1598.3899821109123,1878.1168489032589
2020-11-04 21:58:00,16.277533039647576,3.2519685039370074,6.387764343531648,5.891472868217055,3.9999999999999996,4.328291814946619,390.62500000000006,2.545454545454545,25.423540366628213,1743.1569343065694,2201.887959788932
2020-11-04 21:59:00,12.672413793103448,3.1621621621621623,4.704655406081786,5.1869158878504695,3.6111111111111107,3.661979152526029,229.54545454545456,2.9999999999999996,19.552325329989298,1441.5422885572139,1726.6393059454927
2020-11-04 22:00:00,15.742187499999998,3.702702702702703,4.985437101274464,5.345394736842106,3.387096774193548,4.1754874651810585,215.90909090909088,3.0000000000000004,22.718631178707227,1577.7945619335346,1856.7605903015265
2020-11-04 22:01:00,12.436708860759497,3.0413793103448272,7.227337110481587,3.660436137071651,3.5454545454545454,4.066776586974443,296.875,2.1428571428571432,22.84860557768924,1536.9747899159665,1892.8193451875995
2020-11-04 22:02:00,13.1875,3.4054054054054057,7.554229934924079,4.679653679653681,4.238095238095238,4.406143344709898,238.1578947368421,2.0,22.606045801916423,1572.7896341463415,1873.0246022878885
2020-11-04 22:03:00,15.20358306188925,3.8057553956834536,7.607925577568851,5.135135135135137,4.555555555555555,4.207977207977208,220.0,3.0833333333333335,23.680708904483055,1554.0435458786937,1841.3235200503195
2020-11-04 22:04:00,15.368421052631579,3.5692307692307694,8.448879551820728,5.35377358490566,3.857142857142857,4.967503692762186,225.00000000000003,2.8260869565217392,34.772727272727266,2290.322580645161,2594.486346382904
2020-11-04 22:05:00,12.465034965034963,3.75,7.5298108766094245,4.73953488372093,4.5,4.292027729636049,519.2307692307693,3.0000000000000004,23.292468175523524,1789.8089171974523,2372.6085630587463
2020-11-04 22:06:00,13.837719298245617,3.219512195121951,6.172661870503597,4.292181069958848,3.56,3.9543536632144223,212.5,3.0800000000000005,23.856019609792916,1555.1181102362204,1829.5905579430578
2020-11-04 22:07:00,15.308098591549296,3.6065573770491803,5.860604803534452,6.475409836065574,3.4615384615384612,4.01776549545993,250.0,2.904761904761905,20.9,1531.3014827018123,1843.836219171771
2020-11-04 22:08:00,9.33852140077821,3.013698630136987,7.205675137262523,5.946969696969696,3.7199999999999998,4.188571428571429,222.72727272727272,2.647058823529412,29.50174061356045,1684.2350746268655,1972.524583084947
2020-11-04 22:09:00,14.564220183486238,2.9542857142857146,7.398734177215189,4.686567164179106,3.5263157894736845,4.558394160583941,269.2307692307692,2.416666666666667,23.185763923359477,1802.3255813953488,2134.847298405368
2020-11-04 22:10:00,16.42,3.452054794520548,5.880360896253199,5.120967741935481,3.533333333333333,4.223880597014926,312.5,3.555555555555556,21.4543329204082,1512.5811688311687,1888.72165467019
2020-11-04 22:11:00,15.729166666666668,3.935779816513762,7.568775790921595,6.339869281045752,3.4,4.695984703632886,216.25,2.545454545454545,38.22218696309972,1725.0489236790609,2023.7361414463958
2020-11-04 22:12:00,15.775401069518718,3.3443708609271523,6.532023289665212,6.003521126760563,3.857142857142857,4.189216085430932,281.25,2.5652173913043477,24.935654236772514,1537.479406919275,1885.9319538367974
2020-11-04 22:13:00,13.463740458015268,3.0447761194029854,5.309356570887307,4.848214285714286,4.333333333333334,4.092500000000001,191.66666666666666,2.769230769230769,21.734614112058274,1741.7733089579524,1993.0357412732612
2020-11-04 22:14:00,20.83011583011583,3.992,6.332236842105261,6.242236024844721,4.416666666666667,4.200479233226837,278.84615384615387,2.931034482758621,29.380341880341884,1543.3917197452229,1900.5629845514366
2020-11-04 22:15:00,13.186900958466454,3.1925925925925926,6.667842031029618,4.708661417322835,4.0,4.269247128881327,284.0909090909091,2.875,23.390665632063698,1547.8896103896104,1894.271429240876
2020-11-04 22:16:00,15.472383720930232,3.3950617283950617,5.476941015811975,4.565891472868217,3.9999999999999996,4.127286585365853,343.75,3.0000000000000004,21.599614085865895,1618.75,2024.1371786092373
2020-11-04 22:17:00,15.502049180327871,3.620689655172414,6.334622941092121,5.933333333333334,3.727272727272727,4.297107800175285,346.15384615384613,2.666666666666667,22.51224947335263,1654.1737649063034,2064.9216028375427
2020-11-04 22:18:00,19.31985294117647,3.6165413533834583,6.885185185185185,6.53225806451613,3.869565217391304,4.395594713656389,305.55555555555554,2.8999999999999995,26.57479960371072,1854.1666666666667,2233.816019301242
2020-11-04 22:19:00,14.399606299212602,3.8166666666666664,7.800157977883097,5.198863636363637,3.7272727272727275,4.54392523364486,266.6666666666667,2.545454545454546,24.265957446808514,2097.0149253731342,2429.9794965731076
2020-11-04 22:20:00,16.446731234866824,3.283687943262411,6.264473353756158,3.8814814814814813,3.615384615384615,4.305867665418226,284.0909090909091,2.875,23.73400047591429,1648.3274647887324,1996.8250006497256
2020-11-04 22:21:00,16.690231362467866,3.65,7.589883595598327,5.135135135135136,3.608695652173913,4.667397981570864,291.6666666666667,3.1904761904761907,23.30078125,1783.3686440677966,2142.8679119018857
2020-11-04 22:22:00,14.095394736842103,3.53968253968254,7.386535078194202,5.768156424581006,3.1818181818181817,4.836115326251898,402.7777777777778,2.785714285714286,25.002084792688215,1903.0963302752293,2372.4696094187793
2020-11-04 22:23:00,14.837786259541987,3.445859872611465,7.452578400070597,5.11574074074074,3.842105263157895,4.598413198970157,205.88235294117646,2.058823529411765,23.02783329061849,1663.86925795053,1934.1307514468297
2020-11-04 22:24:00,16.962025316455698,3.160493827160494,6.875091595593396,4.466666666666667,4.368421052631579,4.384753363228699,325.0,3.1818181818181817,27.856885495698545,1806.8459657701715,2203.1021212694245
2020-11-04 22:25:00,19.188311688311686,3.488888888888889,8.025756382169876,6.834239130434783,6.0,4.6901131333005415,453.125,3.3000000000000003,24.841772151898738,1722.0039292730844,2251.498010648089
2020-11-04 22:26:00,16.0,3.1014492753623193,6.954887218045112,4.9714285714285715,4.0,4.374893977947414,352.2727272727273,2.764705882352941,23.155516169229465,1562.5,1980.095608367093
2020-11-04 22:27:00,45.474137931034484,3.214765100671141,8.13944530046225,6.290983606557377,3.9000000000000004,4.393966681674922,337.5,3.380952380952381,33.33333333333333,1879.9076212471132,2325.535205581799
2020-11-04 22:28:00,17.8862660944206,3.098765432098766,7.282957082560255,4.538461538461539,3.3636363636363638,4.433491175204477,236.76470588235296,2.8666666666666663,23.388566392185623,1709.2696629213483,2012.8931795489357
2020-11-04 22:29:00,17.308394160583944,4.081967213114754,7.480598990875865,5.774647887323945,3.9565217391304346,4.580517770952172,289.0625,2.5652173913043486,24.966517857142854,1647.508038585209,2007.2849215956373
2020-11-04 22:30:00,12.982456140350877,3.302158273381295,6.4780763790664775,4.811965811965811,3.9473684210526314,4.404026845637583,278.84615384615387,2.5,23.835616438356166,1738.28125,2079.3890721559646
2020-11-04 22:31:00,13.341584158415841,3.345864661654136,4.881315156375301,6.136363636363637,3.545454545454545,3.896657702650788,273.4375,2.8000000000000003,23.07142857142857,1510.7361963190185,1845.1923647513613
2020-11-04 22:32:00,13.846153846153847,3.4812030075187974,7.233231707317072,5.828125,3.6999999999999997,4.5498861047835994,208.75,3.0000000000000004,23.57604411462249,1658.6363636363635,1932.6010074167593
2020-11-04 22:33:00,15.567484662576685,3.7445255474452552,7.687500000000002,5.5,3.545454545454546,4.215653621981682,221.875,3.0,22.926829268292682,1848.3870967741937,2136.4495444199447
2020-11-04 22:34:00,14.570707070707071,3.372413793103448,5.907180965083599,5.302013422818792,3.769230769230769,4.40382560722608,202.27272727272725,2.8095238095238098,24.078927047062784,1477.891156462585,1744.3777062200686
2020-11-04 22:35:00,12.403314917127071,3.317880794701987,6.482638888888889,5.142857142857142,3.5714285714285716,4.3327661617022155,225.00000000000003,2.428571428571429,24.593572124567267,1720.1986754966888,2007.4717055265335
2020-11-04 22:36:00,22.21649484536082,3.1666666666666665,6.6112716763005785,4.400749063670411,4.130434782608695,4.269893355209188,300.0,2.6153846153846154,23.179102841697244,1725.4335260115604,2096.0235238584587
2020-11-04 22:37:00,14.833984375000002,2.9480519480519485,6.937212863705973,4.900990099009901,3.5000000000000004,4.477519969285826,222.36842105263156,3.0000000000000004,22.833253706453736,1676.5249537892792,1962.3243878034182
2020-11-04 22:38:00,14.978991596638652,3.7652173913043483,6.884176182707995,6.048951048951048,3.32,4.269137381236639,203.57142857142856,2.384615384615385,24.421891456206342,1653.501628664495,1923.146037677584
2020-11-04 22:39:00,12.579185520361992,3.2189781021897805,6.611111111111111,5.1923076923076925,3.842105263157895,4.477022058823529,386.3636363636364,3.230769230769231,21.0004620798039,1934.177215189873,2380.6927926120347
2020-11-04 22:40:00,9.683544303797468,3.5657894736842106,6.425970873786407,4.167832167832167,4.142857142857142,4.213197969543147,222.72727272727275,3.1818181818181817,21.875863017428436,1720.108695652174,2000.092841510194
2020-11-04 22:41:00,16.3265306122449,3.5106382978723403,7.107623318385649,5.166666666666668,3.6363636363636367,4.088364654138344,261.3636363636364,3.1538461538461537,21.962406483969296,1509.4827586206898,1835.7988348078131
2020-11-04 22:42:00,17.17171717171717,3.7500000000000004,7.8224637681159415,6.126126126126127,3.941176470588235,4.821410451547438,267.8571428571429,2.6666666666666665,27.272493113056818,1907.1753986332574,2248.6045952582185
2020-11-04 22:43:00,16.058823529411768,3.6901408450704225,7.373853211009173,5.840336134453786,3.272727272727273,4.74007561436673,326.9230769230769,3.333333333333333,24.875,1760.3960396039602,2156.5034064674096
2020-11-04 22:44:00,12.789473684210526,3.208333333333333,7.713024331443826,5.875,4.333333333333334,4.32963476652797,235.0,2.6842105263157894,23.274647887323944,1930.6282722513088,2229.8359301137975
2020-11-04 22:45:00,18.376623376623378,3.8347826086956522,6.739800891737721,5.289855072463769,3.6666666666666665,4.461640798226163,234.21052631578945,2.428571428571429,23.935351191731698,1688.412408759124,1991.3562271096298
2020-11-04 22:46:00,14.07142857142857,3.5379310344827584,6.751430195022252,4.372262773722628,4.238095238095238,4.2988606485539,358.3333333333333,3.1538461538461537,22.701149425287355,1460.1967799642218,1881.655117337994
2020-11-04 22:47:00,13.571428571428573,3.4895104895104896,6.376554174067497,6.2765957446808525,3.782608695652174,4.42096344857971,261.3636363636364,3.230769230769231,24.702530649238433,1941.4225941422594,2268.6371915098225
2020-11-04 22:48:00,15.80739299610895,3.140845070422534,6.627358490566037,4.574144486692015,3.6923076923076925,3.911904761904762,326.9230769230769,2.7037037037037037,22.66517312391929,1543.3673469387754,1933.4132541874774
2020-11-04 22:49:00,11.955252918287934,3.1032258064516127,5.059527444190921,4.959349593495935,3.4615384615384612,4.095761381475667,226.5625,3.0000000000000004,21.30597014925373,1696.808510638298,1980.311636392992
2020-11-04 22:50:00,13.98340248962656,2.946308724832215,6.325638350455445,5.97560975609756,4.368421052631579,4.150197628458498,305.5555555555555,2.692307692307692,23.386630987917783,1572.7272727272727,1942.1113449651555
2020-11-04 22:51:00,15.1628895184136,3.3358778625954204,7.037172011661808,4.783783783783784,3.888888888888889,4.178234790059983,220.0,3.380952380952381,21.276874590060565,1406.507413509061,1689.5520873354776
2020-11-04 22:52:00,12.146840148698885,3.30188679245283,6.531339031339029,4.603174603174603,3.5,4.431800183260481,242.10526315789474,3.1379310344827585,23.141025641025642,1807.3529411764705,2110.2522017687993
2020-11-04 22:53:00,14.494773519163765,3.420289855072464,7.099264705882353,5.956521739130436,3.2105263157894735,4.223854796888504,203.84615384615387,2.636363636363636,22.382431144628633,1620.0,1887.270179559073
2020-11-04 22:54:00,14.729965156794426,3.4464285714285716,8.155680224403929,7.172131147540984,3.9090909090909087,4.731917046029337,333.33333333333337,3.2500000000000004,24.423889358181796,1601.744186046512,2004.8966217933153
2020-11-04 22:55:00,19.140625,3.2894736842105265,6.09106529209622,5.35234899328859,3.4210526315789473,4.536665109761793,318.1818181818182,3.0869565217391304,24.270873683323558,1606.4981949458484,1993.8690740436653
2020-11-04 22:56:00,22.62323943661972,3.382978723404255,7.413849069720852,4.908045977011495,3.8750000000000004,4.370485956308515,525.0,2.6842105263157894,40.898058252427184,1488.0319148936169,2103.1877828354245
2020-11-04 22:57:00,10.241935483870964,3.3973509933774837,6.598746081504702,7.424812030075188,3.666666666666667,4.332749734822093,390.625,2.9230769230769234,22.57481825929051,1613.6363636363635,2065.421519809048
2020-11-04 22:58:00,14.423076923076922,3.258992805755396,6.451502075654572,4.9399999999999995,3.5263157894736845,4.000845308537617,232.6923076923077,2.5999999999999996,24.070713743382992,1642.5,1938.463754338189
2020-11-04 22:59:00,10.550458715596331,3.923076923076924,7.3125,5.114379084967321,3.761904761904762,4.456790123456789,198.0769230769231,2.7647058823529407,21.51622262992063,1939.1592920353983,2196.636253233597
2020-11-04 23:00:00,13.9756446991404,3.3407407407407406,6.481438082879762,4.8125,3.1599999999999997,4.357627118644069,273.4375,2.0,21.143617021276597,1681.1797752808989,2013.8888429435804
2020-11-04 23:01:00,15.89090909090909,3.0853658536585367,6.116149161690705,4.331034482758621,3.9,4.4276008492569,245.31250000000003,3.0,24.932735426008968,1589.1980360065468,1900.1943308708296
2020-11-04 23:02:00,13.805555555555554,3.474074074074074,7.287744957443007,6.467741935483872,4.333333333333333,4.424088601753576,231.25,2.6190476190476195,29.203539823008846,1564.8148148148148,1867.6799407145147
2020-11-04 23:03:00,43.80952380952381,3.6202531645569622,8.202247191011235,6.592741935483871,3.777777777777778,4.566940550990818,458.33333333333337,4.142857142857142,49.064776875574296,1719.945355191257,2302.0558069723666
2020-11-04 23:04:00,13.927364864864863,3.2769230769230764,6.127527216174182,5.911016949152542,3.4,4.436341161928306,263.8888888888889,2.8571428571428568,21.33996640503105,1528.440366972477,1853.6055383925827
2020-11-04 23:05:00,15.669291338582674,3.5737704918032787,8.53969754253308,5.3308823529411775,3.869565217391304,4.522851919561244,298.6111111111111,2.4782608695652177,36.02298990611652,1868.5897435897432,2247.2081643393485
2020-11-04 23:06:00,15.432432432432432,3.702702702702702,7.528899413984107,4.847619047619048,3.6,4.642725563714944,223.5294117647059,3.2222222222222223,24.86717073721904,1776.3671875,2067.7403713846006
2020-11-04 23:07:00,13.501577287066247,3.323529411764706,6.688341410481483,4.5396825396825395,3.173913043478261,4.249673202614378,185.71428571428572,2.625,22.918250950570343,1795.693277310924,2042.4275308708677
2020-11-04 23:08:00,19.487179487179485,3.1034482758620685,8.457692307692309,4.559183673469388,4.368421052631579,4.38387379491674,339.2857142857143,3.416666666666667,29.00039093041439,1654.6167247386759,2070.6792952132228
2020-11-04 23:09:00,13.277972027972027,3.5035971223021583,6.210019658681651,4.850622406639005,4.6,4.162015826738859,281.25,3.0,21.82225696114585,1557.7272727272725,1900.403756730752
2020-11-04 23:10:00,11.674757281553399,3.1973684210526314,7.713754646840148,4.662551440329218,3.11764705882353,4.962303664921468,475.0,2.8333333333333335,41.36363636363636,1750.0,2304.52535221049
2020-11-04 23:11:00,12.623839009287927,2.963414634146341,6.662162162162162,5.422077922077922,3.64,4.194938710952946,210.29411764705884,2.5200000000000005,23.950613888354656,1531.347962382445,1803.6191263564858
2020-11-04 23:12:00,14.752906976744185,3.374193548387097,7.826215895610913,4.509293680297398,3.4347826086956523,4.375053579082726,212.5,2.913043478260869,22.229911560416525,1474.514563106796,1750.4299644342914
2020-11-04 23:13:00,19.705882352941178,3.6666666666666674,6.081236366239697,4.734848484848485,4.333333333333333,4.025795941456898,275.0000000000001,2.454545454545455,23.2521186440678,1365.6914893617022,1708.9459166058018
2020-11-04 23:14:00,11.952662721893489,2.6666666666666665,6.488375115394206,5.061475409836066,3.545454545454546,4.203784871113964,228.57142857142858,2.6363636363636362,24.213002714760187,1961.2403100775193,2250.5795243304306
2020-11-04 23:15:00,13.218503937007876,3.2165605095541396,7.425558326085275,5.802919708029196,3.666666666666667,4.53150344326345,250.0,3.083333333333333,24.9,1585.3658536585367,1901.2108995824765
2020-11-04 23:16:00,13.622881355932204,3.5199999999999996,6.984186746987953,5.051020408163266,5.0,4.277251159462649,388.88888888888886,2.8,23.727603857123,1633.3634719710667,2087.2353043876246
2020-11-04 23:17:00,14.730392156862747,3.241379310344828,7.95031055900621,6.213592233009709,3.333333333333333,4.520482966796033,241.6666666666667,3.0714285714285716,23.035030379005118,1613.636363636364,1921.3989798128173
2020-11-04 23:18:00,10.977198697068403,3.65625,6.39300134589502,4.515873015873015,3.3333333333333335,3.9883111648528815,348.2142857142857,2.7272727272727275,23.18452380952381,1520.7100591715975,1927.7001089797025
2020-11-04 23:19:00,15.221843003412966,3.6666666666666665,7.893859328395648,5.999999999999999,3.210526315789474,4.594068582020389,250.0,3.0,23.985601327166336,1616.2988115449916,1933.871376768443
2020-11-04 23:20:00,14.691119691119692,3.220689655172414,7.774670237693758,4.650793650793651,3.96,4.672865999046256,300.0,2.652173913043478,28.79748317884427,1746.8879668049794,2117.307763130693
2020-11-04 23:21:00,10.793515358361773,3.4055944055944054,6.159403269376846,4.647058823529411,4.090909090909091,4.344619105199516,361.84210526315786,2.703703703703704,21.48869340929993,1509.1743119266055,1928.649914355738
2020-11-04 23:22:00,12.431740614334473,2.891156462585034,5.850515463917525,4.541818181818181,3.08,4.159752868490733,197.5,2.8095238095238093,21.036121673003798,1473.8493723849374,1728.1500014586109
2020-11-04 23:23:00,14.846491228070175,3.5324675324675323,6.442765250094171,5.345394736842105,3.72,4.121034077555818,210.29411764705884,2.857142857142857,22.437198654835704,1541.7316692667705,1815.3282812508378
2020-11-04 23:24:00,13.508064516129032,3.682926829268293,6.470380818053598,4.540229885057471,3.6428571428571432,4.021793797150042,357.14285714285717,2.6470588235294117,24.165537884203005,1485.3678929765886,1905.1895998156938
2020-11-04 23:25:00,14.029126213592235,3.3055555555555554,6.721246006389776,6.567460317460317,3.5454545454545454,4.757045675413022,229.54545454545456,3.090909090909091,23.262193039657465,1656.0747663551404,1950.899211345027
2020-11-04 23:26:00,14.1012084592145,3.0636942675159236,6.733206590621039,5.764925373134329,3.5185185185185186,4.439197659841204,250.0,2.1666666666666665,22.272869303978695,1687.350835322196,1999.4111221616868
2020-11-04 23:27:00,13.298969072164947,3.4347826086956523,9.086391437308869,7.537878787878789,3.5000000000000004,5.488692622457386,225.0,2.727272727272727,26.422764227642283,1685.9756097560976,1982.4723612395182
2020-11-04 23:28:00,12.796610169491524,3.5165562913907293,5.232741276916821,4.652830188679246,4.555555555555555,4.210463733650416,317.3076923076923,2.5454545454545454,20.44020950664564,1613.007380073801,1988.2654936492777
2020-11-04 23:29:00,15.745967741935484,3.5156250000000004,5.64716385839342,4.48529411764706,3.555555555555556,4.37473233404711,250.0,3.333333333333333,22.866326098284333,1453.9045553145336,1767.42855335373
2020-11-04 23:30:00,15.735294117647058,3.3558282208588954,6.163776680962776,4.783333333333333,3.857142857142857,4.273828756058158,238.46153846153848,3.1599999999999997,24.239794573894883,1364.5104895104896,1668.541026511926
2020-11-04 23:31:00,13.547297297297298,3.3407407407407406,4.941870350378764,5.0,3.0588235294117645,3.8563869992441426,229.16666666666666,2.5999999999999996,21.50070384707996,1505.0,1792.0124894308192
2020-11-04 23:32:00,15.4344262295082,3.670886075949367,7.906162464985995,7.033898305084746,3.56,4.566433566433567,302.6315789473684,3.0,24.25,1434.6793349168647,1806.732720506195
2020-11-04 23:33:00,17.268339768339764,3.578125000000001,6.495083457418659,4.5762081784386615,3.6666666666666665,4.117522274077217,345.5882352941176,2.6875,22.967557251908396,1421.3636363636365,1832.3088742546033
2020-11-04 23:34:00,15.276872964169383,3.6239999999999997,7.782051282051281,5.985576923076923,3.6249999999999996,4.475232944028475,250.0,2.882352941176471,23.351562675233744,1854.6511627906975,2171.653812520434
2020-11-04 23:35:00,15.543478260869566,3.4857142857142858,5.79113924050633,5.0240384615384635,3.307692307692308,4.242070116861434,221.875,2.818181818181818,22.679106598524537,1550.332778702163,1835.0991997920519
2020-11-04 23:36:00,16.233108108108112,3.7092198581560285,5.304141084233891,4.88372093023256,3.3448275862068964,4.32776617954071,226.5625,2.652173913043478,22.328409263495075,1599.7536945812808,1889.0995615042975
2020-11-04 23:37:00,9.361924686192468,3.36,6.480362397654527,4.795555555555556,3.666666666666667,4.434369602763386,375.0,3.148148148148148,23.663059019157423,1727.4305555555557,2161.340641631694
2020-11-04 23:38:00,15.178571428571429,3.62015503875969,7.4804441946630025,6.064516129032258,3.2857142857142856,4.236352249989626,215.0,2.2,24.077441591356013,1532.2185970636215,1813.3617919817077
2020-11-04 23:39:00,17.633136094674555,3.4832214765100673,7.039781591263653,4.681632653061225,5.416666666666667,4.350579839429081,270.83333333333337,3.0909090909090913,26.505405723825543,1806.6860465116279,2149.720712981301
2020-11-04 23:40:00,16.598240469208214,3.4026845637583896,6.1764705882352935,4.983402489626557,3.5,4.45247747860557,421.87499999999994,2.7894736842105265,23.323529411764703,1608.5164835164833,2095.617762201892
2020-11-04 23:41:00,15.229083665338646,3.6620689655172414,7.62693062265757,4.285223367697594,4.375,4.633737185461324,284.09090909090907,3.64,26.90542841957476,1900.874635568513,2255.323016885669
2020-11-04 23:42:00,16.569148936170215,4.092436974789916,7.371959026888604,4.003636363636363,3.588235294117647,4.283502874834143,531.2500000000001,2.8095238095238093,27.262931034482747,1676.497277676951,2277.7286519913946
2020-11-04 23:43:00,13.17164179104478,3.0800000000000005,6.661490683229815,5.2049180327868845,3.1764705882352944,4.085339168490154,265.625,2.6521739130434785,28.037383177570096,1770.5735660847881,2102.267983439189
2020-11-04 23:44:00,14.864864864864863,3.687022900763359,6.952449567723342,5.6299212598425195,3.0952380952380953,4.450132391879965,275.00000000000006,2.578947368421052,24.151024321324048,1691.8489065606364,2032.2585073306936
2020-11-04 23:45:00,18.693181818181817,3.7703703703703706,6.701389242531656,6.2,3.8,4.41974326502915,308.8235294117647,2.6153846153846154,29.52922581202576,1637.784090909091,2022.336915444379
2020-11-04 23:46:00,18.561946902654867,3.682539682539683,6.920827778347437,4.814977973568283,4.363636363636363,4.5510948905109485,416.6666666666667,2.833333333333333,24.524886877828052,1680.1980198019803,2167.117930271066
2020-11-04 23:47:00,18.907624633431087,3.3360000000000003,5.772657453987914,5.052631578947368,3.4615384615384617,4.216748994946199,270.8333333333333,2.75,28.738919693176026,1566.0136286201023,1909.0830827694626
2020-11-04 23:48:00,12.694174757281553,3.4295302013422813,6.044551389629737,5.335051546391753,3.56,4.437030490499337,341.66666666666663,2.8260869565217392,22.098568758942214,1604.1666666666665,2006.2583274339418
2020-11-04 23:49:00,10.164233576642337,3.405797101449275,6.6610055028833415,4.644444444444445,3.3478260869565215,4.062986003110419,240.0,2.8999999999999995,21.43189892624006,1485.3658536585365,1781.984045300263
2020-11-04 23:50:00,14.495268138801261,3.4654088050314464,6.886621306069116,4.909836065573772,3.4761904761904763,4.208009807928075,289.0625,3.260869565217391,22.69884270108998,1426.8402154398564,1779.3037623057578
2020-11-04 23:51:00,13.689320388349516,3.2649006622516556,6.775818639798488,5.3571428571428585,3.2,4.185032894736842,225.00000000000003,2.741935483870968,20.37704788305485,1624.5980707395497,1909.189269548755
2020-11-04 23:52:00,13.35294117647059,2.884892086330935,6.600284495021337,4.642023346303502,3.6666666666666665,4.7102137767220915,222.3684210526316,2.7391304347826084,22.168743270678103,1623.4458259325042,1906.5791422381117
2020-11-04 23:53:00,23.663793103448278,3.9636363636363634,8.368794326241137,7.222222222222221,3.416666666666667,4.763265306122451,482.1428571428571,3.125,35.47040585330388,1712.2093023255811,2284.3459433100793
2020-11-04 23:54:00,15.618466898954704,3.5,6.8659629502944135,4.951456310679612,3.75,4.298340062808435,220.0,2.428571428571429,24.968062437198988,1449.3166287015945,1735.697488790102
2020-11-04 23:55:00,13.75,3.855072463768116,6.020988746678182,5.514018691588785,3.5833333333333335,4.282988225740967,236.36363636363637,2.75,22.394067796610166,1593.8612099644129,1892.3753155857687
2020-11-04 23:56:00,15.89717741935484,3.6929133858267713,6.293495552386251,5.138888888888888,3.9,4.470336971998101,303.57142857142856,3.133333333333333,24.026442307692307,1795.6521739130435,2165.7761903439523
2020-11-04 23:57:00,13.712871287128714,3.7272727272727266,8.320179398664356,6.34433962264151,3.666666666666667,4.76746506986028,250.0,3.0000000000000004,21.794117647058822,1686.5256124721604,2001.8585248914535
2020-11-04 23:58:00,10.874558303886927,3.3694267515923566,6.848389816758036,4.396946564885496,3.3448275862068964,4.0061115355233,291.66666666666663,2.789473684210526,23.882978723404257,1504.0106951871658,1855.1900748203002
2020-11-04 23:59:00,12.021739130434785,3.1599999999999997,5.278206721508817,5.574074074074076,4.142857142857142,4.140041067761808,450.0,3.1739130434782603,22.41794890779776,1522.7649006622514,2032.673680750164
2020-11-05 00:00:00,22.16019417475728,3.7479674796747973,6.643346143323701,6.604477611940299,4.2631578947368425,4.435767050822113,390.625,2.7777777777777777,25.757575757575765,1511.5452930728243,1978.5605569634329
2020-11-05 00:01:00,15.775862068965516,3.1870503597122304,7.2398539107233555,6.73228346456693,3.777777777777778,4.3152688172043,295.4545454545455,3.0000000000000004,29.01154391822652,1492.3664122137407,1860.8605979854628
2020-11-05 00:02:00,10.430513595166163,4.225806451612902,6.268356077418259,4.5307692307692315,3.896551724137931,4.0903324149273494,317.3076923076923,2.7241379310344827,19.97340425531915,1547.597042513863,1921.044606501941
2020-11-05 00:03:00,21.191099476439796,3.6017699115044257,6.342067988668555,4.3983739837398375,3.5454545454545454,4.357559443696724,305.5555555555556,2.428571428571429,28.10150375939849,1536.4493996569468,1915.9713557499763
2020-11-05 00:04:00,15.007288629737609,3.6218487394957974,6.009847272613717,4.2318840579710155,3.5333333333333337,4.333618477331052,206.25,2.7,22.650248401922575,1586.2218370883884,1854.5599060007935
2020-11-05 00:05:00,16.823943661971832,3.6466165413533833,7.515037593984964,4.806949806949808,4.142857142857142,4.378207824989483,243.75,2.8947368421052633,24.173228346456696,1491.4236706689537,1803.5552484296222
2020-11-05 00:06:00,24.764150943396224,3.4324324324324325,6.917475728155339,6.7834394904458595,3.7142857142857144,4.342364968300261,437.5,2.230769230769231,37.13769586161722,1593.5828877005347,2120.405502069937
2020-11-05 00:07:00,11.874999999999996,3.488188976377953,7.802653399668323,6.030927835051547,3.3333333333333335,4.213075060532688,215.3846153846154,2.578947368421052,22.659205423800355,1562.199036918138,1839.5649836999387
2020-11-05 00:08:00,11.254098360655739,3.157575757575758,7.170510708401976,5.865384615384614,3.6399999999999997,3.9667304015296363,350.0,2.9999999999999996,23.85559080686519,1548.9309210526317,1960.8408117030447
2020-11-05 00:09:00,13.329596412556057,3.248175182481751,6.413043478260868,6.0123966942148765,4.1,4.105176663927692,392.8571428571429,2.6799999999999997,24.375,1544.7368421052633,2001.8573733938474
2020-11-05 00:10:00,16.776061776061773,3.4748201438848922,7.130119006127069,6.910714285714287,3.4166666666666665,4.523419736243747,427.08333333333337,2.7272727272727275,27.579365079365072,2024.390243902439,2524.0120166571087
2020-11-05 00:11:00,15.066225165562916,3.322147651006712,8.150510204081634,4.629032258064516,3.8181818181818183,4.345222929936305,212.5,2.666666666666666,23.10160148973731,1556.8936877076412,1834.493275890879
2020-11-05 00:12:00,14.652173913043478,3.205882352941176,5.189461857042207,4.097402597402597,3.1428571428571432,3.866037399707372,189.06250000000003,2.2222222222222223,21.09095414320193,1336.0726643598616,1582.6021559882797
2020-11-05 00:13:00,15.449640287769785,3.029850746268657,6.715029761904763,5.3598484848484835,3.9999999999999996,4.488404801007336,208.33333333333331,2.642857142857143,25.19083969465648,1629.032258064516,1904.242062317162
2020-11-05 00:14:00,18.75,3.7627118644067803,7.716049382716049,4.8204081632653075,3.6666666666666665,4.053525913338997,300.0,2.7,24.657534246575345,1639.9662731871838,2010.0931694241528
2020-11-05 00:15:00,8.738636363636365,3.502994011976048,6.4968043416114645,4.981735159817351,3.8000000000000003,4.330468414267296,307.69230769230774,2.846153846153846,23.474025974025977,1681.4814814814813,2047.3446072852773
2020-11-05 00:16:00,9.944751381215472,3.6666666666666665,6.164335664335665,4.548148148148147,3.8275862068965516,4.300670016750418,281.25,2.806451612903226,23.401162790697676,1962.0535714285716,2301.9633439161853
2020-11-05 00:17:00,13.763345195729539,4.046153846153846,5.0807866262932775,4.485714285714286,3.5,4.2446982055464915,275.0,2.6363636363636362,23.633603238866396,1513.9860139860139,1850.3766790206814
2020-11-05 00:18:00,26.293103448275858,3.1194029850746268,6.034184342905663,4.87719298245614,3.823529411764706,4.371454711802379,236.36363636363637,2.769230769230769,40.42770542387987,1771.276595744681,2099.356036183707
2020-11-05 00:19:00,13.298045602605864,3.5365853658536586,7.952726845944913,5.379310344827585,3.9565217391304346,4.381191677188955,347.22222222222223,3.2500000000000004,23.487124463519315,1736.2385321100917,2148.7022603713845
2020-11-05 00:20:00,15.555555555555557,3.6666666666666665,6.975683890577507,5.775862068965518,3.526315789473684,4.536551724137931,240.0,2.466666666666667,24.754098360655735,1665.546218487395,1972.8036192100942
2020-11-05 00:21:00,14.546232876712331,3.5068493150684934,8.212075858611087,6.50390625,3.6315789473684212,4.4736363636363645,430.55555555555554,2.9000000000000004,28.940217391304355,1698.7028301886794,2201.972882746936
2020-11-05 00:22:00,12.88294797687861,3.0559440559440563,5.5475424548727865,3.752351097178683,3.6363636363636367,4.008176614881439,214.7058823529412,2.0999999999999996,22.130681818181817,1505.2,1777.0198900072423
2020-11-05 00:23:00,11.18421052631579,3.277777777777778,7.533967391304348,5.3649635036496335,3.3333333333333335,4.336314847942756,262.5,2.454545454545454,23.231441048034934,2198.051948051948,2521.268501934852
2020-11-05 00:24:00,17.063953488372093,3.3571428571428577,6.878427787934186,4.868020304568528,3.9473684210526314,4.194717079059139,295.45454545454544,2.619047619047619,24.671052631578945,1485.2941176470588,1848.3483932903603
2020-11-05 00:25:00,14.364951768488744,3.2836879432624113,5.2749844505652055,6.051587301587302,3.8421052631578947,4.150899139953088,214.7058823529412,2.9333333333333336,21.264431181617507,1536.3849765258215,1812.2568392607282
2020-11-05 00:26:00,13.63861386138614,3.36231884057971,7.145242070116862,4.690376569037657,3.88,4.135407905803196,305.55555555555554,2.481481481481481,28.90144096250701,1604.5627376425855,1978.3531748890532
2020-11-05 00:27:00,12.97979797979798,2.9401197604790417,5.725575810218722,4.589285714285715,3.411764705882353,4.323605081834381,223.75,3.074074074074074,20.556460540232468,1712.7659574468087,1994.1166411136135
2020-11-05 00:28:00,16.02076124567474,3.9295774647887334,7.718658892128278,4.659751037344399,4.111111111111111,4.707877802937812,281.25,3.206896551724138,24.101515766535634,1621.5397923875432,1971.245942259788
2020-11-05 00:29:00,14.499999999999998,4.035087719298246,7.796546546546548,4.625498007968128,3.9473684210526314,4.307067424857839,244.23076923076923,2.764705882352941,23.93292682926829,1604.679802955665,1914.819773017779
2020-11-05 00:30:00,14.045189504373178,3.165413533834586,6.7496040553687955,4.651452282157676,3.48,4.5139607020067505,210.29411764705884,2.6,20.862068965517242,1656.0846560846562,1926.4464627749733
2020-11-05 00:31:00,12.837837837837839,3.0533333333333332,6.576371686246662,5.736196319018405,3.2857142857142856,4.047813649366571,216.66666666666666,2.9199999999999995,20.188652475132955,1462.2241086587437,1737.5366949120603
2020-11-05 00:32:00,11.785714285714285,3.588235294117647,8.4913112164297,5.115384615384616,3.7619047619047623,4.2931263858093125,196.42857142857144,2.6,24.390881271433177,1622.0095693779904,1882.4646986373552
2020-11-05 00:33:00,12.37864077669903,3.2238805970149254,7.056451612903226,4.830985915492958,3.526315789473684,4.366899766899767,212.5,2.5,22.37918215613383,1543.6851211072662,1816.4474777218836
2020-11-05 00:34:00,11.370192307692305,3.192592592592592,5.716395864106351,4.374545454545455,3.387096774193548,4.1901983663944,201.08695652173913,2.4782608695652177,20.43918918918919,1577.4539877300613,1833.6894156700794
2020-11-05 00:35:00,15.652573529411764,3.8000000000000003,6.264443878316724,5.97682119205298,3.4615384615384612,4.457078651685392,568.1818181818182,2.84,23.669811320754718,1537.0705244122967,2171.3746096278746
2020-11-05 00:36:00,21.894904458598724,3.391608391608392,6.213556851311953,4.547008547008547,3.25,4.285091543156059,209.61538461538458,3.0,22.295207489629618,1787.0129870129872,2065.5057489096853
2020-11-05 00:37:00,15.74468085106383,3.438709677419354,5.741590214067277,4.333333333333332,3.2352941176470584,4.721485411140584,225.0,3.0625,24.436608152722762,1601.6483516483518,1891.362553405746
2020-11-05 00:38:00,14.633928571428571,3.525,7.336249838773422,4.673469387755102,4.466666666666667,4.257856567284448,541.6666666666669,3.0,32.22324203825316,1693.8868613138684,2309.6699410506967
2020-11-05 00:39:00,14.33168316831683,3.5064935064935066,8.44583000386406,4.3125,3.6153846153846154,4.8093835314117275,516.6666666666666,2.9310344827586206,30.877766499482533,1919.811320754717,2509.3080632290953
2020-11-05 00:40:00,16.72520661157025,3.0909090909090913,6.980056980056979,4.256704980842912,3.7199999999999998,4.135179153094462,281.2500000000001,2.76,22.112970711297066,1699.9045801526718,2044.9356076804427
2020-11-05 00:41:00,17.075000000000003,3.8412698412698414,6.934812760055479,4.944444444444445,3.9523809523809526,4.656844106463879,291.6666666666667,2.6153846153846154,21.443096886763158,1580.373831775701,1937.5037320491301
2020-11-05 00:42:00,11.886942675159235,3.7022900763358773,6.899688023839623,4.616438356164384,3.5217391304347823,4.212540716612378,205.0,2.909090909090909,26.066023266581773,1579.326923076923,1848.1416762311421
2020-11-05 00:43:00,13.586956521739129,3.2413793103448283,7.599900504296211,4.580524344569288,3.7777777777777777,4.410526315789474,295.45454545454544,3.0000000000000004,22.413828241841763,1734.8066298342542,2092.872068305158
2020-11-05 00:44:00,15.432098765432098,3.169491525423729,7.935082872928179,6.778846153846154,3.1,4.509255402269637,222.7272727272727,2.333333333333333,28.0940594059406,1774.2857142857142,2068.3651544721606
2020-11-05 00:45:00,16.22983870967742,3.4477611940298507,6.209677419354838,4.275720164609053,3.4137931034482762,4.4986449864498645,326.3888888888889,2.565217391304348,22.023809523809526,1676.5463917525772,2065.5997431341493
2020-11-05 00:46:00,11.181102362204724,3.4745762711864407,8.14149560117302,4.538461538461538,3.6666666666666665,5.152439024390243,328.125,2.904761904761905,28.20264701264142,2782.131661442006,3177.518811823492
2020-11-05 00:47:00,13.512931034482758,3.1333333333333337,7.263854502376727,4.466101694915254,3.2399999999999998,4.506542056074766,209.6153846153846,3.1,23.386012572942864,1700.0,1972.2241598095102
2020-11-05 00:48:00,16.270491803278688,3.3458646616541348,7.697255574614065,4.781659388646288,3.142857142857143,4.607042047182725,500.0,2.769230769230769,24.415584415584412,2104.1055718475072,2671.1355576505553
2020-11-05 00:49:00,14.33628318584071,3.3205128205128203,6.131197351994351,4.531380753138075,4.0,4.360068016243124,232.6923076923077,2.875,27.083333333333336,1589.1840607210625,1888.5141438744326
2020-11-05 00:50:00,12.725352112676056,3.615384615384616,7.661406025824966,4.670886075949367,3.333333333333333,4.397876857749469,267.85714285714283,2.647058823529412,22.071713147410357,1415.3846153846152,1744.3647692336158
2020-11-05 00:51:00,17.115384615384617,3.811881188118812,7.600124457531026,5.65677966101695,3.6315789473684212,4.51356407857811,196.42857142857144,2.866666666666667,22.45173745173745,1541.7607223476298,1805.8370108426034
2020-11-05 00:52:00,14.087982832618026,3.5203252032520327,5.4209937904931245,6.328125,3.9000000000000004,4.675199126730588,250.0,2.8400000000000003,23.687484531804277,1864.0845070422536,2178.544617527152
2020-11-05 00:53:00,9.337606837606838,3.53968253968254,7.376702011116853,4.59349593495935,3.782608695652174,4.939812530833745,207.1428571428571,2.6800000000000006,22.407087325250494,1621.6777408637874,1887.4775938817465
2020-11-05 00:54:00,24.87142857142857,4.485714285714285,7.767990613195751,6.425925925925926,4.875,4.588461538461539,471.1538461538462,3.9565217391304346,43.05414226424819,2151.1075949367087,2722.2866260286596
2020-11-05 00:55:00,14.459459459459458,3.08,6.1994845582408376,5.872093023255813,3.645161290322581,4.451917036360214,212.5,2.88235294117647,22.997939379837796,1593.8566552901025,1869.9450629787557
2020-11-05 00:56:00,11.015283842794759,3.409448818897638,7.620411359507168,4.928934010152284,3.5454545454545454,4.492156567336291,210.0,2.8181818181818183,26.93089430894309,1605.7114228456915,1880.472188116959
2020-11-05 00:57:00,12.232824427480917,3.583941605839416,7.173611111111112,4.751111111111111,3.8421052631578947,4.745787117780639,361.1111111111111,2.8947368421052633,25.929052608441463,1861.6666666666665,2287.9309478648056
2020-11-05 00:58:00,10.95108695652174,3.1043478260869564,5.961021505376344,4.446640316205533,3.545454545454546,4.285147642133099,192.30769230769232,2.8095238095238098,20.107084265473524,1621.5953307392997,1869.1133299137675
2020-11-05 00:59:00,14.12109375,3.8527131782945734,7.2,6.442953020134228,4.0,4.878667329686724,204.99999999999997,3.333333333333333,28.93145161290324,2341.5094339622638,2619.269646186616
2020-11-05 01:00:00,16.101694915254242,3.888888888888889,6.951505858911564,6.221374045801527,3.6666666666666665,4.735401459854016,343.75,3.3636363636363638,23.21561338289963,1621.5469613259668,2033.4417429078796
2020-11-05 01:01:00,11.708860759493671,3.3200000000000003,5.388349514563107,6.180000000000001,3.3703703703703702,4.046341463414634,214.7058823529412,2.416666666666667,22.73706896551724,1540.6654343807763,1814.538974473743
2020-11-05 01:02:00,9.624463519313306,3.111801242236025,6.069444444444444,5.452898550724638,3.518518518518518,4.480111115575227,329.5454545454545,3.1818181818181817,22.272727272727273,1946.7488789237668,2334.006116314579
2020-11-05 01:03:00,14.006211180124222,2.936708860759494,7.365122318237498,5.0,3.5,4.529359823399558,283.3333333333333,2.5833333333333335,24.650423728813557,1664.090909090909,2011.9954016689098
2020-11-05 01:04:00,11.597938144329897,3.267515923566879,6.005862047584838,4.404255319148936,3.0,4.246329526916803,235.00000000000003,2.8400000000000003,20.865678865133418,1677.0428015564203,1968.270381383101
2020-11-05 01:05:00,14.049429657794676,3.890756302521008,8.524913016945874,7.232824427480917,3.4615384615384612,4.419957537154989,375.0000000000001,2.4545454545454546,24.342199278339468,1664.5569620253164,2107.933126161637
2020-11-05 01:06:00,11.41304347826087,3.610687022900763,7.939882697947214,4.580357142857142,3.8888888888888893,4.625294219768477,232.6923076923077,2.5,21.747434278243368,1628.836833602585,1921.8347290237596
2020-11-05 01:07:00,13.118279569892474,3.3034482758620682,6.120815632681111,4.794238683127572,3.6399999999999997,4.4835598421744844,238.46153846153848,2.3333333333333335,23.18281938325991,1658.5689045936397,1958.0069377755092
2020-11-05 01:08:00,11.064356435643564,3.2033898305084745,7.752956636005255,4.881818181818182,3.666666666666667,4.4317241379310355,244.64285714285714,2.875,25.118238001413257,1567.0103092783506,1874.6473163111941
2020-11-05 01:09:00,13.911637931034484,3.6721311475409837,6.892185238784371,6.8097014925373145,3.181818181818182,4.39561403508772,263.8888888888889,3.0,22.703437718006356,1558.5664335664337,1887.021848200132
2020-11-05 01:10:00,10.683701657458565,3.148571428571428,6.265925887770947,4.7,3.3333333333333335,4.449260324157075,397.72727272727275,3.3636363636363633,22.27777777777778,1712.7757352941176,2168.725214794096
2020-11-05 01:11:00,10.22804054054054,3.242424242424242,7.946577629382303,6.571969696969697,4.2,4.453004294464627,269.2307692307692,2.4,23.064224809410206,1590.5096660808435,1921.8466765248045
2020-11-05 01:12:00,13.120229007633586,3.1880341880341883,6.094610247009873,4.635593220338983,3.518518518518518,4.249678800856531,217.8571428571429,2.5789473684210527,22.59266468051486,1587.800369685767,1865.6357885742375
2020-11-05 01:13:00,12.272058823529411,3.1496598639455784,6.628426624133461,4.982062780269058,4.130434782608695,4.297596334945185,214.0,2.310344827586207,20.081967213114755,1545.0,1816.8525512501324
2020-11-05 01:14:00,9.868421052631579,3.2638888888888897,6.835193697486688,4.6,3.5555555555555554,4.700529610014444,272.72727272727275,2.111111111111111,22.4581589958159,1868.2266009852217,2198.3467326239984
2020-11-05 01:15:00,17.880859375,2.838709677419355,6.609960405332439,5.0446428571428585,3.9000000000000004,4.062629614267939,458.33333333333337,2.8947368421052637,26.816239316239315,1539.9543378995434,2068.3354493203838
2020-11-05 01:16:00,12.421052631578949,2.986013986013986,6.882451271070709,4.435294117647058,3.7777777777777777,4.4824281008440146,191.07142857142856,3.0,24.51073224089329,1606.7415730337077,1860.308751730962
2020-11-05 01:17:00,10.0,3.296875,7.345151343190493,4.908256880733944,3.7777777777777777,4.654679122732123,300.0,2.1764705882352944,20.86021505376344,1737.1673003802282,2094.1867261466614
2020-11-05 01:18:00,12.772373540856032,3.691176470588235,6.1429637947713065,4.855769230769232,3.3,4.150143973673385,340.9090909090909,2.8666666666666667,21.590915371698323,1488.0136986301372,1888.2927985882513
2020-11-05 01:19:00,12.594178082191783,3.3134328358208958,6.2888011621619855,4.364705882352942,3.64,4.3842719568764394,192.64705882352942,2.428571428571429,21.685564478816374,1592.45960502693,1843.8061896772513
2020-11-05 01:20:00,13.637123745819402,3.4720496894409942,5.559071729957807,4.176029962546816,4.090909090909091,3.9732211170619736,286.7647058823529,3.1818181818181817,23.231707317073173,1656.25,2004.3366367169804
2020-11-05 01:21:00,15.230627306273064,3.074074074074074,5.4971042471042475,4.830357142857142,3.5454545454545454,4.537698254143832,185.7142857142857,2.454545454545454,24.535398230088493,1696.5376782077394,1945.957223176566
2020-11-05 01:22:00,11.262135922330097,3.3209876543209877,5.792936288088644,4.114186851211073,3.88,4.2006681269447625,239.77272727272728,2.696969696969697,21.902092433737387,1532.9888712241652,1829.931575470495
2020-11-05 01:23:00,13.115015974440892,3.271428571428572,7.00531208499336,4.505617977528091,3.24,4.372318047959613,258.33333333333337,2.304347826086956,23.88888888888889,1598.5342019543975,1918.5704646590573
2020-11-05 01:24:00,11.528846153846153,3.991150442477876,9.348013816925734,6.7405063291139244,3.9523809523809526,4.50428893905192,209.09090909090912,2.8888888888888884,25.71140040042101,1541.1392405063293,1818.8956255203448
2020-11-05 01:25:00,12.276785714285712,3.5342465753424657,6.287313432835821,5.788461538461539,3.592592592592593,4.306122448979592,221.875,2.333333333333333,23.440000000000005,1598.023064250412,1881.4569198862432
2020-11-05 01:26:00,13.720238095238091,3.4319999999999995,6.3073277162797154,4.459016393442623,3.9411764705882355,4.01937984496124,191.07142857142858,2.4666666666666663,22.07210602340755,1504.7801147227535,1756.2694545047661
2020-11-05 01:27:00,9.825102880658436,3.0763358778625953,5.758703659019618,4.742971887550201,3.4444444444444446,4.124504361617764,226.9230769230769,2.4285714285714284,20.943579766536967,1562.5,1843.7672912293383
2020-11-05 01:28:00,14.991103202846976,3.474074074074074,8.527820710973725,5.1000000000000005,3.4615384615384617,4.912540502161907,245.00000000000003,3.25,24.966275797290393,1378.8265306122448,1692.5098833611305
2020-11-05 01:29:00,24.94897959183674,3.7628865979381443,7.116630669546435,4.721393034825871,3.75,4.583078491335373,425.0,3.8888888888888893,44.25675675675676,1638.9331210191083,2160.9617350502367
2020-11-05 01:30:00,13.45238095238095,3.5802469135802473,7.578710644677662,4.376518218623482,3.761904761904762,4.774649566812178,230.0,2.818181818181818,23.995815899581594,1667.4440298507461,1961.7824386264888
2020-11-05 01:31:00,15.193965517241377,3.34375,7.7288866604979045,4.460580912863071,4.111111111111111,4.277343749999999,235.0,3.3529411764705888,21.085779869303437,1411.634103019538,1710.1884620170256
2020-11-05 01:32:00,11.934628975265017,3.0458015267175576,6.899305555555554,4.408333333333333,4.0,4.689220718618758,218.42105263157896,2.8571428571428577,23.846100284189816,1266.759776536313,1546.8613624187149
2020-11-05 01:33:00,12.635135135135133,3.2,6.711491442542787,3.8881355932203383,3.5000000000000004,4.378555798687089,266.6666666666667,3.1538461538461537,22.74714828897338,1507.0652173913045,1833.946196470376
2020-11-05 01:34:00,12.41573033707865,3.27972027972028,7.215438842738251,5.151515151515152,3.5555555555555554,4.436296975252063,261.3636363636364,2.894736842105263,23.493449781659383,1403.2738095238096,1727.0798896530705
2020-11-05 01:35:00,15.697424892703863,3.8,6.8154532153033305,5.169902912621361,3.75,4.378286683630195,284.7222222222222,2.75,24.12133792303976,1562.8019323671497,1914.0065602166706
2020-11-05 01:36:00,12.919847328244273,3.666666666666667,6.410969793322734,5.118110236220472,3.6666666666666665,4.1233108108108105,221.15384615384616,3.0,24.863821311889694,1447.602131438721,1732.5253704063884
2020-11-05 01:37:00,14.158163265306126,3.60431654676259,5.907662279375657,5.409836065573772,3.909090909090909,4.695769576957696,317.3076923076923,2.8461538461538467,22.07386363636364,1415.5844155844156,1795.4969640176923
2020-11-05 01:38:00,13.566037735849058,3.6569343065693434,7.996124031007753,5.135135135135136,3.8421052631578947,4.874749498997995,286.7647058823529,2.8,23.82415254237288,1427.232142857143,1779.692087252586
2020-11-05 01:39:00,10.625000000000004,3.2894736842105265,5.9437494106765065,4.431654676258993,3.8461538461538463,4.454853751589656,241.1764705882353,2.6315789473684212,29.951728351693223,1947.7491961414794,2254.099859397666
2020-11-05 01:40:00,14.738095238095239,3.394366197183099,4.785332305070413,5.109649122807018,3.888888888888889,4.2412038999576085,189.0625,2.88235294117647,23.959074079415785,1509.6153846153848,1761.6768472879792
2020-11-05 01:41:00,13.654545454545456,3.360655737704918,7.266379353846747,4.913875598086124,3.7199999999999998,4.497721057429354,215.0,2.4117647058823533,24.58715596330275,1392.1319796954315,1671.5440775662291
2020-11-05 01:42:00,13.128698224852073,3.737704918032787,6.712709566394842,4.949494949494949,3.8,4.44892221180881,225.0,2.8947368421052637,21.012954290520895,1305.3359683794465,1591.021189382656
2020-11-05 01:43:00,15.008389261744966,3.3600000000000003,7.436143039591316,5.901898734177214,3.952380952380952,4.522737927801219,236.36363636363637,3.7,24.542302055057554,1562.130177514793,1866.9176658491826
2020-11-05 01:44:00,14.029850746268657,3.3684210526315788,7.195789735458495,4.907563025210084,3.4705882352941178,4.244463373083475,265.625,2.846153846153846,22.69248878544267,1558.6206896551723,1887.0010084547152
2020-11-05 01:45:00,13.064516129032258,3.9902912621359223,6.7264416315049225,4.7657657657657655,3.32,4.306294888043938,275.0,2.6,23.088235294117645,1583.980582524272,1920.8421274948723
2020-11-05 01:46:00,17.0,3.6141732283464565,8.051060622170706,4.972350230414746,3.5714285714285716,4.661392460984283,291.6666666666667,2.888888888888889,25.11758980600079,1733.4963325183373,2095.0398829932383
2020-11-05 01:47:00,16.075949367088608,3.262773722627737,6.7111459968602825,6.065573770491804,3.6956521739130435,4.372549019607844,387.50000000000006,2.8095238095238093,21.071428222582924,1480.7086614173227,1932.2732575000189
2020-11-05 01:48:00,12.783505154639176,3.488888888888889,7.39470025120269,5.485074626865671,3.7619047619047623,4.3471861471861475,250.0,2.916666666666667,23.937765771746776,1216.6666666666667,1530.7823589357674
2020-11-05 01:49:00,11.445454545454545,3.6524822695035466,6.949708454810496,4.406015037593986,4.285714285714286,4.6288167938931295,294.64285714285717,3.476190476190476,21.362730204926525,1349.662162162162,1704.5121313731063
2020-11-05 01:50:00,11.627906976744184,3.014388489208633,6.835058790258546,5.031446540880503,3.823529411764706,4.352991473946169,212.5,2.428571428571429,22.765281133677266,1612.75415896488,1885.1333332099314
2020-11-05 01:51:00,9.346938775510203,3.222222222222222,6.885706530334117,4.5076923076923086,4.375,4.393198024075454,325.0,2.7241379310344827,20.380622837370247,1327.4886877828053,1708.3242064110443
2020-11-05 01:52:00,15.501567398119121,3.8920863309352525,7.267508648294793,4.646017699115045,3.846153846153846,4.839728023312288,365.38461538461536,2.454545454545454,23.518395623685105,1556.9526627218934,1988.3032811306696
2020-11-05 01:53:00,9.7,3.6615384615384623,6.81057563587684,5.265486725663715,4.199999999999999,4.627275633255707,295.45454545454544,2.5,24.71153846153846,1609.1081593927895,1966.0391197652082
2020-11-05 01:54:00,12.297872340425535,3.724409448818898,6.586718266418618,4.210300429184549,3.5161290322580645,4.4698892088320665,242.85714285714286,2.483870967741936,25.609772705468366,1633.3634719710672,1939.1195772273581
2020-11-05 01:55:00,12.322761194029852,3.538461538461538,7.105891719745221,4.983402489626556,3.25,4.259133389974512,238.46153846153848,2.473684210526316,22.07606588389518,1403.3477321814255,1701.8186710692232
2020-11-05 01:56:00,12.64554794520548,3.563380281690141,5.6523583937930155,4.831932773109244,3.4800000000000004,4.212392988177742,212.5,2.7,22.462981030938877,1604.344122657581,1876.3927160704955
2020-11-05 01:57:00,10.968750000000002,3.848484848484849,7.058365799832411,4.504065040650406,3.782608695652174,4.425549915397632,301.47058823529414,3.428571428571429,22.725631768953065,1493.1153184165232,1855.3279341493594
2020-11-05 01:58:00,11.794258373205745,4.391304347826087,6.251694142275667,5.950704225352113,3.4210526315789473,4.554231961600985,236.36363636363637,3.0,23.10126582278481,1450.2868068833654,1749.114954751626
2020-11-05 01:59:00,14.886363636363637,3.4310344827586206,7.261585578525892,5.260416666666668,3.272727272727273,4.327060931899642,243.75,2.647058823529412,23.819282708180108,1715.7676348547716,2024.4231649554229
2020-11-05 02:00:00,12.779411764705877,3.451612903225806,6.991452991452993,6.589403973509934,3.4545454545454546,4.373161764705882,295.45454545454544,2.8400000000000003,27.932108162820256,1538.2775119617224,1902.1437544312341
2020-11-05 02:01:00,12.078947368421053,3.2877697841726623,7.358490566037737,4.945205479452055,3.4999999999999996,4.609022556390977,225.00000000000003,2.6190476190476186,24.928462430732978,1555.1948051948052,1843.5217509990603
2020-11-05 02:02:00,14.761513157894738,3.302158273381295,6.984530067940645,4.550200803212851,3.1999999999999997,4.341322314049588,350.0,3.5555555555555562,21.78200692041522,1566.9546436285095,1979.4319307209594
2020-11-05 02:03:00,12.41279069767442,3.340740740740741,4.869313482216708,4.007751937984496,4.181818181818182,4.13818479149632,336.53846153846155,2.333333333333333,24.31159420289855,1599.4718309859154,1995.6058198925398
2020-11-05 02:04:00,14.23469387755102,3.4537815126050417,6.7751981879954695,4.259541984732825,3.6315789473684212,4.48972441609825,300.0,2.5555555555555554,21.872791519434628,1542.7435387673956,1904.0164047687367
2020-11-05 02:05:00,,,,,,,,,,,0.0
2020-11-05 02:06:00,,,,,,,,,,,0.0
2020-11-05 02:07:00,,,,,,,,,,,0.0
2020-11-05 02:08:00,,,,,,,,,,,0.0
2020-11-05 02:09:00,,,,,,,,,,,0.0
2020-11-05 02:10:00,,,,,,,,,,,0.0
2020-11-05 02:11:00,,,,,,,,,,,0.0
2020-11-05 02:12:00,,,,,,,,,,,0.0
2020-11-05 02:13:00,,,,,,,,,,,0.0
2020-11-05 02:14:00,,,,,,,,,,,0.0
2020-11-05 02:15:00,,,,,,,,,,,0.0
2020-11-05 02:16:00,,,,,,,,,,,0.0
2020-11-05 02:17:00,,,,,,,,,,,0.0
2020-11-05 02:18:00,,,,,,,,,,,0.0
2020-11-05 02:19:00,,,,,,,,,,,0.0
2020-11-05 02:20:00,,,,,,,,,,,0.0
2020-11-05 02:21:00,,,,,,,,,,,0.0
2020-11-05 02:22:00,,,,,,,,,,,0.0
2020-11-05 02:23:00,,,,,,,,,,,0.0
2020-11-05 02:24:00,,,,,,,,,,,0.0
2020-11-05 02:25:00,,,,,,,,,,,0.0
2020-11-05 02:26:00,,,,,,,,,,,0.0
2020-11-05 02:27:00,,,,,,,,,,,0.0
2020-11-05 02:28:00,,,,,,,,,,,0.0
2020-11-05 02:29:00,,,,,,,,,,,0.0
2020-11-05 02:30:00,,,,,,,,,,,0.0
2020-11-05 02:31:00,,,,,,,,,,,0.0
2020-11-05 02:32:00,,,,,,,,,,,0.0
2020-11-05 02:33:00,,,,,,,,,,,0.0
2020-11-05 02:34:00,,,,,,,,,,,0.0
2020-11-05 02:35:00,,,,,,,,,,,0.0
2020-11-05 02:36:00,,,,,,,,,,,0.0
2020-11-05 02:37:00,,,,,,,,,,,0.0
2020-11-05 02:38:00,,,,,,,,,,,0.0
2020-11-05 02:39:00,,,,,,,,,,,0.0
2020-11-05 02:40:00,,,,,,,,,,,0.0
2020-11-05 02:41:00,,,,,,,,,,,0.0
2020-11-05 02:42:00,,,,,,,,,,,0.0
2020-11-05 02:43:00,,,,,,,,,,,0.0
2020-11-05 02:44:00,,,,,,,,,,,0.0
2020-11-05 02:45:00,,,,,,,,,,,0.0
2020-11-05 02:46:00,,,,,,,,,,,0.0
2020-11-05 02:47:00,,,,,,,,,,,0.0
2020-11-05 02:48:00,,,,,,,,,,,0.0
2020-11-05 02:49:00,,,,,,,,,,,0.0
2020-11-05 02:50:00,,,,,,,,,,,0.0
2020-11-05 02:51:00,,,,,,,,,,,0.0
2020-11-05 02:52:00,,,,,,,,,,,0.0
2020-11-05 02:53:00,,,,,,,,,,,0.0
2020-11-05 02:54:00,,,,,,,,,,,0.0
2020-11-05 02:55:00,,,,,,,,,,,0.0
2020-11-05 02:56:00,,,,,,,,,,,0.0
2020-11-05 02:57:00,,,,,,,,,,,0.0
2020-11-05 02:58:00,,,,,,,,,,,0.0
2020-11-05 02:59:00,,,,,,,,,,,0.0
2020-11-05 03:00:00,,,,,,,,,,,0.0
2020-11-05 03:01:00,,,,,,,,,,,0.0
2020-11-05 03:02:00,,,,,,,,,,,0.0
2020-11-05 03:03:00,,,,,,,,,,,0.0
2020-11-05 03:04:00,,,,,,,,,,,0.0
2020-11-05 03:05:00,,,,,,,,,,,0.0
2020-11-05 03:06:00,,,,,,,,,,,0.0
2020-11-05 03:07:00,,,,,,,,,,,0.0
2020-11-05 03:08:00,,,,,,,,,,,0.0
2020-11-05 03:09:00,,,,,,,,,,,0.0
2020-11-05 03:10:00,,,,,,,,,,,0.0
2020-11-05 03:11:00,,,,,,,,,,,0.0
2020-11-05 03:12:00,,,,,,,,,,,0.0
2020-11-05 03:13:00,,,,,,,,,,,0.0
2020-11-05 03:14:00,,,,,,,,,,,0.0
2020-11-05 03:15:00,,,,,,,,,,,0.0
2020-11-05 03:16:00,,,,,,,,,,,0.0
2020-11-05 03:17:00,,,,,,,,,,,0.0
2020-11-05 03:18:00,,,,,,,,,,,0.0
2020-11-05 03:19:00,,,,,,,,,,,0.0
2020-11-05 03:20:00,,,,,,,,,,,0.0
2020-11-05 03:21:00,,,,,,,,,,,0.0
2020-11-05 03:22:00,,,,,,,,,,,0.0
2020-11-05 03:23:00,,,,,,,,,,,0.0
2020-11-05 03:24:00,,,,,,,,,,,0.0
2020-11-05 03:25:00,,,,,,,,,,,0.0
2020-11-05 03:26:00,,,,,,,,,,,0.0
2020-11-05 03:27:00,,,,,,,,,,,0.0
2020-11-05 03:28:00,,,,,,,,,,,0.0
2020-11-05 03:29:00,,,,,,,,,,,0.0
2020-11-05 03:30:00,,,,,,,,,,,0.0
2020-11-05 03:31:00,,,,,,,,,,,0.0
2020-11-05 03:32:00,,,,,,,,,,,0.0
2020-11-05 03:33:00,,,,,,,,,,,0.0
2020-11-05 03:34:00,,,,,,,,,,,0.0
2020-11-05 03:35:00,,,,,,,,,,,0.0
2020-11-05 03:36:00,,,,,,,,,,,0.0
2020-11-05 03:37:00,,,,,,,,,,,0.0
2020-11-05 03:38:00,,,,,,,,,,,0.0
2020-11-05 03:39:00,,,,,,,,,,,0.0
2020-11-05 03:40:00,,,,,,,,,,,0.0
2020-11-05 03:41:00,,,,,,,,,,,0.0
2020-11-05 03:42:00,,,,,,,,,,,0.0
2020-11-05 03:43:00,,,,,,,,,,,0.0
2020-11-05 03:44:00,,,,,,,,,,,0.0
2020-11-05 03:45:00,,,,,,,,,,,0.0
2020-11-05 03:46:00,,,,,,,,,,,0.0
2020-11-05 03:47:00,,,,,,,,,,,0.0
2020-11-05 03:48:00,,,,,,,,,,,0.0
2020-11-05 03:49:00,,,,,,,,,,,0.0
2020-11-05 03:50:00,,,,,,,,,,,0.0
2020-11-05 03:51:00,,,,,,,,,,,0.0
2020-11-05 03:52:00,,,,,,,,,,,0.0
2020-11-05 03:53:00,,,,,,,,,,,0.0
2020-11-05 03:54:00,,,,,,,,,,,0.0
2020-11-05 03:55:00,,,,,,,,,,,0.0
2020-11-05 03:56:00,,,,,,,,,,,0.0
2020-11-05 03:57:00,,,,,,,,,,,0.0
2020-11-05 03:58:00,,,,,,,,,,,0.0
2020-11-05 03:59:00,,,,,,,,,,,0.0
2020-11-05 04:00:00,,,,,,,,,,,0.0
2020-11-05 04:01:00,,,,,,,,,,,0.0
2020-11-05 04:02:00,,,,,,,,,,,0.0
2020-11-05 04:03:00,,,,,,,,,,,0.0
2020-11-05 04:04:00,,,,,,,,,,,0.0
2020-11-05 04:05:00,,,,,,,,,,,0.0
2020-11-05 04:06:00,,,,,,,,,,,0.0
2020-11-05 04:07:00,,,,,,,,,,,0.0
2020-11-05 04:08:00,,,,,,,,,,,0.0
2020-11-05 04:09:00,,,,,,,,,,,0.0
2020-11-05 04:10:00,,,,,,,,,,,0.0
2020-11-05 04:11:00,,,,,,,,,,,0.0
2020-11-05 04:12:00,,,,,,,,,,,0.0
2020-11-05 04:13:00,,,,,,,,,,,0.0
2020-11-05 04:14:00,,,,,,,,,,,0.0
2020-11-05 04:15:00,,,,,,,,,,,0.0
2020-11-05 04:16:00,,,,,,,,,,,0.0
2020-11-05 04:17:00,,,,,,,,,,,0.0
2020-11-05 04:18:00,,,,,,,,,,,0.0
2020-11-05 04:19:00,,,,,,,,,,,0.0
2020-11-05 04:20:00,,,,,,,,,,,0.0
2020-11-05 04:21:00,,,,,,,,,,,0.0
2020-11-05 04:22:00,,,,,,,,,,,0.0
2020-11-05 04:23:00,,,,,,,,,,,0.0
2020-11-05 04:24:00,,,,,,,,,,,0.0
2020-11-05 04:25:00,,,,,,,,,,,0.0
2020-11-05 04:26:00,,,,,,,,,,,0.0
2020-11-05 04:27:00,,,,,,,,,,,0.0
2020-11-05 04:28:00,,,,,,,,,,,0.0
2020-11-05 04:29:00,,,,,,,,,,,0.0
2020-11-05 04:30:00,,,,,,,,,,,0.0
2020-11-05 04:31:00,,,,,,,,,,,0.0
2020-11-05 04:32:00,,,,,,,,,,,0.0
2020-11-05 04:33:00,,,,,,,,,,,0.0
2020-11-05 04:34:00,,,,,,,,,,,0.0
2020-11-05 04:35:00,,,,,,,,,,,0.0
2020-11-05 04:36:00,,,,,,,,,,,0.0
2020-11-05 04:37:00,,,,,,,,,,,0.0
2020-11-05 04:38:00,,,,,,,,,,,0.0
2020-11-05 04:39:00,,,,,,,,,,,0.0
2020-11-05 04:40:00,,,,,,,,,,,0.0
2020-11-05 04:41:00,,,,,,,,,,,0.0
2020-11-05 04:42:00,,,,,,,,,,,0.0
2020-11-05 04:43:00,,,,,,,,,,,0.0
2020-11-05 04:44:00,,,,,,,,,,,0.0
2020-11-05 04:45:00,,,,,,,,,,,0.0
2020-11-05 04:46:00,,,,,,,,,,,0.0
2020-11-05 04:47:00,,,,,,,,,,,0.0
2020-11-05 04:48:00,,,,,,,,,,,0.0
2020-11-05 04:49:00,,,,,,,,,,,0.0
2020-11-05 04:50:00,,,,,,,,,,,0.0
2020-11-05 04:51:00,,,,,,,,,,,0.0
2020-11-05 04:52:00,,,,,,,,,,,0.0
2020-11-05 04:53:00,,,,,,,,,,,0.0
2020-11-05 04:54:00,,,,,,,,,,,0.0
2020-11-05 04:55:00,,,,,,,,,,,0.0
2020-11-05 04:56:00,,,,,,,,,,,0.0
2020-11-05 04:57:00,,,,,,,,,,,0.0
2020-11-05 04:58:00,,,,,,,,,,,0.0
2020-11-05 04:59:00,,,,,,,,,,,0.0
2020-11-05 05:00:00,,,,,,,,,,,0.0
2020-11-05 05:01:00,,,,,,,,,,,0.0
2020-11-05 05:02:00,,,,,,,,,,,0.0
2020-11-05 05:03:00,,,,,,,,,,,0.0
2020-11-05 05:04:00,,,,,,,,,,,0.0
2020-11-05 05:05:00,,,,,,,,,,,0.0
2020-11-05 05:06:00,,,,,,,,,,,0.0
2020-11-05 05:07:00,,,,,,,,,,,0.0
2020-11-05 05:08:00,,,,,,,,,,,0.0
2020-11-05 05:09:00,,,,,,,,,,,0.0
2020-11-05 05:10:00,,,,,,,,,,,0.0
2020-11-05 05:11:00,,,,,,,,,,,0.0
2020-11-05 05:12:00,,,,,,,,,,,0.0
2020-11-05 05:13:00,,,,,,,,,,,0.0
2020-11-05 05:14:00,,,,,,,,,,,0.0
2020-11-05 05:15:00,,,,,,,,,,,0.0
2020-11-05 05:16:00,,,,,,,,,,,0.0
2020-11-05 05:17:00,,,,,,,,,,,0.0
2020-11-05 05:18:00,,,,,,,,,,,0.0
2020-11-05 05:19:00,,,,,,,,,,,0.0
2020-11-05 05:20:00,,,,,,,,,,,0.0
2020-11-05 05:21:00,,,,,,,,,,,0.0
2020-11-05 05:22:00,,,,,,,,,,,0.0
2020-11-05 05:23:00,,,,,,,,,,,0.0
2020-11-05 05:24:00,,,,,,,,,,,0.0
2020-11-05 05:25:00,,,,,,,,,,,0.0
2020-11-05 05:26:00,,,,,,,,,,,0.0
2020-11-05 05:27:00,,,,,,,,,,,0.0
2020-11-05 05:28:00,,,,,,,,,,,0.0
2020-11-05 05:29:00,,,,,,,,,,,0.0
2020-11-05 05:30:00,,,,,,,,,,,0.0
2020-11-05 05:31:00,,,,,,,,,,,0.0
2020-11-05 05:32:00,,,,,,,,,,,0.0
2020-11-05 05:33:00,,,,,,,,,,,0.0
2020-11-05 05:34:00,,,,,,,,,,,0.0
2020-11-05 05:35:00,,,,,,,,,,,0.0
2020-11-05 05:36:00,,,,,,,,,,,0.0
2020-11-05 05:37:00,,,,,,,,,,,0.0
2020-11-05 05:38:00,,,,,,,,,,,0.0
2020-11-05 05:39:00,,,,,,,,,,,0.0
2020-11-05 05:40:00,,,,,,,,,,,0.0
2020-11-05 05:41:00,,,,,,,,,,,0.0
2020-11-05 05:42:00,,,,,,,,,,,0.0
2020-11-05 05:43:00,,,,,,,,,,,0.0
2020-11-05 05:44:00,,,,,,,,,,,0.0
2020-11-05 05:45:00,,,,,,,,,,,0.0
2020-11-05 05:46:00,,,,,,,,,,,0.0
2020-11-05 05:47:00,,,,,,,,,,,0.0
2020-11-05 05:48:00,,,,,,,,,,,0.0
2020-11-05 05:49:00,,,,,,,,,,,0.0
2020-11-05 05:50:00,,,,,,,,,,,0.0
2020-11-05 05:51:00,,,,,,,,,,,0.0
2020-11-05 05:52:00,,,,,,,,,,,0.0
2020-11-05 05:53:00,,,,,,,,,,,0.0
2020-11-05 05:54:00,,,,,,,,,,,0.0
2020-11-05 05:55:00,,,,,,,,,,,0.0
2020-11-05 05:56:00,,,,,,,,,,,0.0
2020-11-05 05:57:00,,,,,,,,,,,0.0
2020-11-05 05:58:00,,,,,,,,,,,0.0
2020-11-05 05:59:00,,,,,,,,,,,0.0
2020-11-05 06:00:00,,,,,,,,,,,0.0
2020-11-05 06:01:00,,,,,,,,,,,0.0
2020-11-05 06:02:00,,,,,,,,,,,0.0
2020-11-05 06:03:00,,,,,,,,,,,0.0
2020-11-05 06:04:00,,,,,,,,,,,0.0
2020-11-05 06:05:00,,,,,,,,,,,0.0
2020-11-05 06:06:00,,,,,,,,,,,0.0
2020-11-05 06:07:00,,,,,,,,,,,0.0
2020-11-05 06:08:00,,,,,,,,,,,0.0
2020-11-05 06:09:00,,,,,,,,,,,0.0
2020-11-05 06:10:00,,,,,,,,,,,0.0
2020-11-05 06:11:00,,,,,,,,,,,0.0
2020-11-05 06:12:00,,,,,,,,,,,0.0
2020-11-05 06:13:00,,,,,,,,,,,0.0
2020-11-05 06:14:00,,,,,,,,,,,0.0
2020-11-05 06:15:00,,,,,,,,,,,0.0
2020-11-05 06:16:00,,,,,,,,,,,0.0
2020-11-05 06:17:00,,,,,,,,,,,0.0
2020-11-05 06:18:00,,,,,,,,,,,0.0
2020-11-05 06:19:00,,,,,,,,,,,0.0
2020-11-05 06:20:00,,,,,,,,,,,0.0
2020-11-05 06:21:00,,,,,,,,,,,0.0
2020-11-05 06:22:00,,,,,,,,,,,0.0
2020-11-05 06:23:00,,,,,,,,,,,0.0
2020-11-05 06:24:00,,,,,,,,,,,0.0
2020-11-05 06:25:00,,,,,,,,,,,0.0
2020-11-05 06:26:00,,,,,,,,,,,0.0
2020-11-05 06:27:00,,,,,,,,,,,0.0
2020-11-05 06:28:00,,,,,,,,,,,0.0
2020-11-05 06:29:00,,,,,,,,,,,0.0
2020-11-05 06:30:00,,,,,,,,,,,0.0
2020-11-05 06:31:00,,,,,,,,,,,0.0
2020-11-05 06:32:00,,,,,,,,,,,0.0
2020-11-05 06:33:00,,,,,,,,,,,0.0
2020-11-05 06:34:00,,,,,,,,,,,0.0
2020-11-05 06:35:00,,,,,,,,,,,0.0
2020-11-05 06:36:00,,,,,,,,,,,0.0
2020-11-05 06:37:00,,,,,,,,,,,0.0
2020-11-05 06:38:00,,,,,,,,,,,0.0
2020-11-05 06:39:00,,,,,,,,,,,0.0
2020-11-05 06:40:00,,,,,,,,,,,0.0
2020-11-05 06:41:00,,,,,,,,,,,0.0
2020-11-05 06:42:00,,,,,,,,,,,0.0
2020-11-05 06:43:00,,,,,,,,,,,0.0
2020-11-05 06:44:00,,,,,,,,,,,0.0
2020-11-05 06:45:00,,,,,,,,,,,0.0
2020-11-05 06:46:00,,,,,,,,,,,0.0
2020-11-05 06:47:00,,,,,,,,,,,0.0
2020-11-05 06:48:00,,,,,,,,,,,0.0
2020-11-05 06:49:00,,,,,,,,,,,0.0
2020-11-05 06:50:00,,,,,,,,,,,0.0
2020-11-05 06:51:00,,,,,,,,,,,0.0
2020-11-05 06:52:00,,,,,,,,,,,0.0
2020-11-05 06:53:00,,,,,,,,,,,0.0
2020-11-05 06:54:00,,,,,,,,,,,0.0
2020-11-05 06:55:00,,,,,,,,,,,0.0
2020-11-05 06:56:00,,,,,,,,,,,0.0
2020-11-05 06:57:00,,,,,,,,,,,0.0
2020-11-05 06:58:00,,,,,,,,,,,0.0
2020-11-05 06:59:00,,,,,,,,,,,0.0
2020-11-05 07:00:00,,,,,,,,,,,0.0
2020-11-05 07:01:00,,,,,,,,,,,0.0
2020-11-05 07:02:00,,,,,,,,,,,0.0
2020-11-05 07:03:00,,,,,,,,,,,0.0
2020-11-05 07:04:00,,,,,,,,,,,0.0
2020-11-05 07:05:00,,,,,,,,,,,0.0
2020-11-05 07:06:00,,,,,,,,,,,0.0
2020-11-05 07:07:00,,,,,,,,,,,0.0
2020-11-05 07:08:00,,,,,,,,,,,0.0
2020-11-05 07:09:00,,,,,,,,,,,0.0
2020-11-05 07:10:00,,,,,,,,,,,0.0
2020-11-05 07:11:00,,,,,,,,,,,0.0
2020-11-05 07:12:00,,,,,,,,,,,0.0
2020-11-05 07:13:00,,,,,,,,,,,0.0
2020-11-05 07:14:00,,,,,,,,,,,0.0
2020-11-05 07:15:00,,,,,,,,,,,0.0
2020-11-05 07:16:00,,,,,,,,,,,0.0
2020-11-05 07:17:00,,,,,,,,,,,0.0
2020-11-05 07:18:00,,,,,,,,,,,0.0
2020-11-05 07:19:00,,,,,,,,,,,0.0
2020-11-05 07:20:00,,,,,,,,,,,0.0
2020-11-05 07:21:00,,,,,,,,,,,0.0
2020-11-05 07:22:00,,,,,,,,,,,0.0
2020-11-05 07:23:00,,,,,,,,,,,0.0
2020-11-05 07:24:00,,,,,,,,,,,0.0
2020-11-05 07:25:00,,,,,,,,,,,0.0
2020-11-05 07:26:00,,,,,,,,,,,0.0
2020-11-05 07:27:00,,,,,,,,,,,0.0
2020-11-05 07:28:00,,,,,,,,,,,0.0
2020-11-05 07:29:00,,,,,,,,,,,0.0
2020-11-05 07:30:00,,,,,,,,,,,0.0
