Time,adservice,shippingservice,currencyservice,productcatalogservice,checkoutservice,cartservice,emailservice,frontend,recommendationservice,redis-cart,paymentservice,Total
2020-11-04 21:01:00,1.0,1.0,1.0,1.0,1.0,1.0,1.0,1.0,1.0,1.0,1.0,11.0
2020-11-04 21:02:00,1.0,1.0,1.0,1.0,1.0,1.0,1.0,1.0,1.0,1.0,1.0,11.0
2020-11-04 21:03:00,1.0,1.0,1.0,1.0,1.0,1.0,1.0,1.0,1.0,1.0,1.0,11.0
2020-11-04 21:04:00,1.0,1.0,1.0,1.0,1.0,1.0,1.0,1.0,1.0,1.0,1.0,11.0
2020-11-04 21:05:00,1.0,1.0,1.0,1.0,1.0,1.0,1.0,1.0,1.0,1.0,1.0,11.0
2020-11-04 21:06:00,1.0,1.0,1.0,1.0,1.0,1.0,1.0,1.0,1.0,1.0,1.0,11.0
2020-11-04 21:07:00,1.0,1.0,1.0,1.0,1.0,1.0,1.0,1.0,1.0,1.0,1.0,11.0
2020-11-04 21:08:00,1.0,1.0,1.0,1.0,1.0,1.0,1.0,1.0,1.0,1.0,1.0,11.0
2020-11-04 21:09:00,1.0,1.0,1.0,1.0,1.0,1.0,1.0,1.0,1.0,1.0,1.0,11.0
2020-11-04 21:10:00,1.0,1.0,1.0,1.0,1.0,1.0,1.0,1.0,1.0,1.0,1.0,11.0
2020-11-04 21:11:00,1.0,1.0,1.0,1.0,1.0,1.0,1.0,1.0,1.0,1.0,1.0,11.0
2020-11-04 21:12:00,1.0,1.0,1.0,1.0,1.0,1.0,1.0,1.0,1.0,1.0,1.0,11.0
2020-11-04 21:13:00,1.0,1.0,1.0,1.0,1.0,1.0,1.0,1.0,1.0,1.0,1.0,11.0
2020-11-04 21:14:00,1.0,1.0,1.0,1.0,1.0,1.0,1.0,1.0,1.0,1.0,1.0,11.0
2020-11-04 21:15:00,1.0,1.0,1.0,1.0,1.0,1.0,1.0,1.0,1.0,1.0,1.0,11.0
2020-11-04 21:16:00,1.0,1.0,1.0,1.0,1.0,1.0,1.0,1.0,1.0,1.0,1.0,11.0
2020-11-04 21:17:00,1.0,1.0,1.0,1.0,1.0,1.0,1.0,1.0,1.0,1.0,1.0,11.0
2020-11-04 21:18:00,1.0,1.0,1.0,1.0,1.0,1.0,1.0,1.0,1.0,1.0,1.0,11.0
2020-11-04 21:19:00,1.0,1.0,1.0,1.0,1.0,1.0,1.0,1.0,1.0,1.0,1.0,11.0
2020-11-04 21:20:00,1.0,1.0,1.0,1.0,1.0,1.0,1.0,1.0,1.0,1.0,1.0,11.0
2020-11-04 21:21:00,1.0,1.0,2.0,2.0,1.0,1.0,1.0,4.0,2.0,1.0,1.0,17.0
2020-11-04 21:22:00,1.0,1.0,2.0,2.0,1.0,1.0,1.0,4.0,2.0,1.0,1.0,17.0
2020-11-04 21:23:00,1.0,1.0,2.0,2.0,1.0,1.0,1.0,4.0,2.0,1.0,1.0,17.0
2020-11-04 21:24:00,1.0,1.0,2.0,2.0,1.0,1.0,1.0,4.0,2.0,1.0,1.0,17.0
2020-11-04 21:25:00,1.0,1.0,2.0,2.0,1.0,1.0,1.0,4.0,2.0,1.0,1.0,17.0
2020-11-04 21:26:00,1.0,1.0,2.0,3.0,1.0,1.0,1.0,4.0,2.0,1.0,1.0,18.0
2020-11-04 21:27:00,1.0,1.0,2.0,3.0,1.0,1.0,1.0,4.0,2.0,1.0,1.0,18.0
2020-11-04 21:28:00,1.0,1.0,2.0,3.0,1.0,1.0,1.0,4.0,2.0,1.0,1.0,18.0
2020-11-04 21:29:00,1.0,1.0,2.0,3.0,1.0,1.0,1.0,4.0,2.0,1.0,1.0,18.0
2020-11-04 21:30:00,1.0,1.0,2.0,3.0,1.0,1.0,1.0,4.0,2.0,1.0,1.0,18.0
2020-11-04 21:31:00,1.0,1.0,2.0,3.0,1.0,1.0,1.0,4.0,2.0,1.0,1.0,18.0
2020-11-04 21:32:00,1.0,1.0,2.0,3.0,1.0,1.0,1.0,4.0,2.0,1.0,1.0,18.0
2020-11-04 21:33:00,1.0,1.0,2.0,3.0,1.0,1.0,1.0,4.0,2.0,1.0,1.0,18.0
2020-11-04 21:34:00,1.0,1.0,2.0,3.0,1.0,1.0,1.0,4.0,2.0,1.0,1.0,18.0
2020-11-04 21:35:00,1.0,1.0,2.0,3.0,1.0,1.0,1.0,4.0,2.0,1.0,1.0,18.0
2020-11-04 21:36:00,1.0,1.0,2.0,3.0,1.0,1.0,1.0,4.0,2.0,1.0,1.0,18.0
2020-11-04 21:37:00,1.0,1.0,2.0,3.0,1.0,1.0,1.0,4.0,2.0,1.0,1.0,18.0
2020-11-04 21:38:00,1.0,1.0,2.0,3.0,1.0,1.0,1.0,4.0,2.0,1.0,1.0,18.0
2020-11-04 21:39:00,1.0,1.0,2.0,3.0,1.0,1.0,1.0,4.0,2.0,1.0,1.0,18.0
2020-11-04 21:40:00,1.0,1.0,2.0,3.0,1.0,1.0,1.0,4.0,2.0,1.0,1.0,18.0
2020-11-04 21:41:00,1.0,1.0,2.0,3.0,1.0,1.0,1.0,4.0,2.0,1.0,1.0,18.0
2020-11-04 21:42:00,1.0,1.0,2.0,3.0,1.0,1.0,1.0,4.0,2.0,1.0,1.0,18.0
2020-11-04 21:43:00,1.0,1.0,2.0,3.0,1.0,1.0,1.0,4.0,2.0,1.0,1.0,18.0
2020-11-04 21:44:00,1.0,1.0,2.0,3.0,1.0,1.0,1.0,4.0,2.0,1.0,1.0,18.0
2020-11-04 21:45:00,1.0,1.0,2.0,3.0,1.0,1.0,1.0,4.0,2.0,1.0,1.0,18.0
2020-11-04 21:46:00,1.0,1.0,2.0,3.0,1.0,1.0,1.0,4.0,2.0,1.0,1.0,18.0
2020-11-04 21:47:00,1.0,1.0,2.0,3.0,1.0,1.0,1.0,4.0,2.0,1.0,1.0,18.0
2020-11-04 21:48:00,1.0,1.0,2.0,3.0,1.0,1.0,1.0,4.0,2.0,1.0,1.0,18.0
2020-11-04 21:49:00,1.0,1.0,2.0,3.0,1.0,1.0,1.0,4.0,2.0,1.0,1.0,18.0
2020-11-04 21:50:00,1.0,1.0,2.0,3.0,1.0,1.0,1.0,4.0,2.0,1.0,1.0,18.0
2020-11-04 21:51:00,1.0,1.0,2.0,3.0,1.0,1.0,1.0,4.0,2.0,1.0,1.0,18.0
2020-11-04 21:52:00,1.0,1.0,2.0,3.0,1.0,1.0,1.0,4.0,2.0,1.0,1.0,18.0
2020-11-04 21:53:00,1.0,1.0,2.0,3.0,1.0,1.0,1.0,4.0,2.0,1.0,1.0,18.0
2020-11-04 21:54:00,1.0,1.0,2.0,3.0,1.0,1.0,1.0,4.0,2.0,1.0,1.0,18.0
2020-11-04 21:55:00,1.0,1.0,2.0,3.0,1.0,1.0,1.0,4.0,2.0,1.0,1.0,18.0
2020-11-04 21:56:00,1.0,1.0,2.0,3.0,1.0,1.0,1.0,4.0,2.0,1.0,1.0,18.0
2020-11-04 21:57:00,1.0,1.0,2.0,3.0,1.0,1.0,1.0,4.0,2.0,1.0,1.0,18.0
2020-11-04 21:58:00,1.0,1.0,2.0,3.0,1.0,1.0,1.0,4.0,2.0,1.0,1.0,18.0
2020-11-04 21:59:00,1.0,1.0,2.0,3.0,1.0,1.0,1.0,4.0,2.0,1.0,1.0,18.0
2020-11-04 22:00:00,1.0,1.0,2.0,3.0,1.0,1.0,1.0,4.0,2.0,1.0,1.0,18.0
2020-11-04 22:01:00,1.0,1.0,2.0,3.0,1.0,1.0,1.0,4.0,2.0,1.0,1.0,18.0
2020-11-04 22:02:00,1.0,1.0,2.0,3.0,1.0,1.0,1.0,4.0,2.0,1.0,1.0,18.0
2020-11-04 22:03:00,1.0,1.0,2.0,3.0,1.0,1.0,1.0,4.0,2.0,1.0,1.0,18.0
2020-11-04 22:04:00,1.0,1.0,2.0,3.0,1.0,1.0,1.0,4.0,2.0,1.0,1.0,18.0
2020-11-04 22:05:00,1.0,1.0,2.0,3.0,1.0,1.0,1.0,4.0,2.0,1.0,1.0,18.0
2020-11-04 22:06:00,1.0,1.0,2.0,3.0,1.0,1.0,1.0,4.0,2.0,1.0,1.0,18.0
2020-11-04 22:07:00,1.0,1.0,2.0,3.0,1.0,1.0,1.0,4.0,2.0,1.0,1.0,18.0
2020-11-04 22:08:00,1.0,1.0,2.0,3.0,1.0,1.0,1.0,4.0,2.0,1.0,1.0,18.0
2020-11-04 22:09:00,1.0,1.0,2.0,3.0,1.0,1.0,1.0,4.0,2.0,1.0,1.0,18.0
2020-11-04 22:10:00,1.0,1.0,2.0,3.0,1.0,1.0,1.0,4.0,2.0,1.0,1.0,18.0
2020-11-04 22:11:00,1.0,1.0,2.0,3.0,1.0,1.0,1.0,4.0,2.0,1.0,1.0,18.0
2020-11-04 22:12:00,1.0,1.0,2.0,3.0,1.0,1.0,1.0,4.0,2.0,1.0,1.0,18.0
2020-11-04 22:13:00,1.0,1.0,2.0,3.0,1.0,1.0,1.0,4.0,2.0,1.0,1.0,18.0
2020-11-04 22:14:00,1.0,1.0,2.0,3.0,1.0,1.0,1.0,4.0,2.0,1.0,1.0,18.0
2020-11-04 22:15:00,1.0,1.0,2.0,3.0,1.0,1.0,1.0,4.0,2.0,1.0,1.0,18.0
2020-11-04 22:16:00,1.0,1.0,2.0,3.0,1.0,1.0,1.0,4.0,2.0,1.0,1.0,18.0
2020-11-04 22:17:00,1.0,1.0,2.0,3.0,1.0,1.0,1.0,4.0,2.0,1.0,1.0,18.0
2020-11-04 22:18:00,1.0,1.0,2.0,3.0,1.0,1.0,1.0,4.0,2.0,1.0,1.0,18.0
2020-11-04 22:19:00,1.0,1.0,2.0,3.0,1.0,1.0,1.0,4.0,2.0,1.0,1.0,18.0
2020-11-04 22:20:00,1.0,1.0,2.0,3.0,1.0,1.0,1.0,4.0,2.0,1.0,1.0,18.0
2020-11-04 22:21:00,1.0,1.0,2.0,3.0,1.0,1.0,1.0,4.0,2.0,1.0,1.0,18.0
2020-11-04 22:22:00,1.0,1.0,2.0,3.0,1.0,1.0,1.0,4.0,2.0,1.0,1.0,18.0
2020-11-04 22:23:00,1.0,1.0,2.0,3.0,1.0,1.0,1.0,4.0,2.0,1.0,1.0,18.0
2020-11-04 22:24:00,1.0,1.0,2.0,3.0,1.0,1.0,1.0,4.0,2.0,1.0,1.0,18.0
2020-11-04 22:25:00,1.0,1.0,2.0,3.0,1.0,1.0,1.0,4.0,2.0,1.0,1.0,18.0
2020-11-04 22:26:00,1.0,1.0,2.0,3.0,1.0,1.0,1.0,4.0,2.0,1.0,1.0,18.0
2020-11-04 22:27:00,1.0,1.0,2.0,3.0,1.0,1.0,1.0,4.0,2.0,1.0,1.0,18.0
2020-11-04 22:28:00,1.0,1.0,2.0,3.0,1.0,1.0,1.0,4.0,2.0,1.0,1.0,18.0
2020-11-04 22:29:00,1.0,1.0,2.0,3.0,1.0,1.0,1.0,4.0,2.0,1.0,1.0,18.0
2020-11-04 22:30:00,1.0,1.0,2.0,3.0,1.0,1.0,1.0,4.0,2.0,1.0,1.0,18.0
2020-11-04 22:31:00,1.0,1.0,2.0,3.0,1.0,1.0,1.0,4.0,2.0,1.0,1.0,18.0
2020-11-04 22:32:00,1.0,1.0,2.0,3.0,1.0,1.0,1.0,4.0,2.0,1.0,1.0,18.0
2020-11-04 22:33:00,1.0,1.0,2.0,3.0,1.0,1.0,1.0,4.0,2.0,1.0,1.0,18.0
2020-11-04 22:34:00,1.0,1.0,2.0,3.0,1.0,1.0,1.0,4.0,2.0,1.0,1.0,18.0
2020-11-04 22:35:00,1.0,1.0,2.0,3.0,1.0,1.0,1.0,4.0,2.0,1.0,1.0,18.0
2020-11-04 22:36:00,1.0,1.0,2.0,3.0,1.0,1.0,1.0,4.0,2.0,1.0,1.0,18.0
2020-11-04 22:37:00,1.0,1.0,2.0,3.0,1.0,1.0,1.0,4.0,2.0,1.0,1.0,18.0
2020-11-04 22:38:00,1.0,1.0,2.0,3.0,1.0,1.0,1.0,4.0,2.0,1.0,1.0,18.0
2020-11-04 22:39:00,1.0,1.0,2.0,3.0,1.0,1.0,1.0,4.0,2.0,1.0,1.0,18.0
2020-11-04 22:40:00,1.0,1.0,2.0,3.0,1.0,1.0,1.0,4.0,2.0,1.0,1.0,18.0
2020-11-04 22:41:00,1.0,1.0,2.0,3.0,1.0,1.0,1.0,4.0,2.0,1.0,1.0,18.0
2020-11-04 22:42:00,1.0,1.0,2.0,3.0,1.0,1.0,1.0,4.0,2.0,1.0,1.0,18.0
2020-11-04 22:43:00,1.0,1.0,2.0,3.0,1.0,1.0,1.0,4.0,2.0,1.0,1.0,18.0
2020-11-04 22:44:00,1.0,1.0,2.0,3.0,1.0,1.0,1.0,4.0,2.0,1.0,1.0,18.0
2020-11-04 22:45:00,1.0,1.0,2.0,3.0,1.0,1.0,1.0,4.0,2.0,1.0,1.0,18.0
2020-11-04 22:46:00,1.0,1.0,2.0,3.0,1.0,1.0,1.0,4.0,2.0,1.0,1.0,18.0
2020-11-04 22:47:00,1.0,1.0,2.0,3.0,1.0,1.0,1.0,4.0,2.0,1.0,1.0,18.0
2020-11-04 22:48:00,1.0,1.0,2.0,3.0,1.0,1.0,1.0,4.0,2.0,1.0,1.0,18.0
2020-11-04 22:49:00,1.0,1.0,2.0,3.0,1.0,1.0,1.0,4.0,2.0,1.0,1.0,18.0
2020-11-04 22:50:00,1.0,1.0,2.0,3.0,1.0,1.0,1.0,4.0,2.0,1.0,1.0,18.0
2020-11-04 22:51:00,1.0,1.0,2.0,3.0,1.0,1.0,1.0,4.0,2.0,1.0,1.0,18.0
2020-11-04 22:52:00,1.0,1.0,2.0,3.0,1.0,1.0,1.0,4.0,2.0,1.0,1.0,18.0
2020-11-04 22:53:00,1.0,1.0,2.0,3.0,1.0,1.0,1.0,4.0,2.0,1.0,1.0,18.0
2020-11-04 22:54:00,1.0,1.0,2.0,3.0,1.0,1.0,1.0,4.0,2.0,1.0,1.0,18.0
2020-11-04 22:55:00,1.0,1.0,2.0,3.0,1.0,1.0,1.0,4.0,2.0,1.0,1.0,18.0
2020-11-04 22:56:00,1.0,1.0,2.0,3.0,1.0,1.0,1.0,4.0,2.0,1.0,1.0,18.0
2020-11-04 22:57:00,1.0,1.0,2.0,3.0,1.0,1.0,1.0,4.0,2.0,1.0,1.0,18.0
2020-11-04 22:58:00,1.0,1.0,2.0,3.0,1.0,1.0,1.0,4.0,2.0,1.0,1.0,18.0
2020-11-04 22:59:00,1.0,1.0,2.0,3.0,1.0,1.0,1.0,4.0,2.0,1.0,1.0,18.0
2020-11-04 23:00:00,1.0,1.0,2.0,3.0,1.0,1.0,1.0,4.0,2.0,1.0,1.0,18.0
2020-11-04 23:01:00,1.0,1.0,2.0,3.0,1.0,1.0,1.0,4.0,2.0,1.0,1.0,18.0
2020-11-04 23:02:00,1.0,1.0,2.0,3.0,1.0,1.0,1.0,4.0,2.0,1.0,1.0,18.0
2020-11-04 23:03:00,1.0,1.0,2.0,3.0,1.0,1.0,1.0,4.0,2.0,1.0,1.0,18.0
2020-11-04 23:04:00,1.0,1.0,2.0,3.0,1.0,1.0,1.0,4.0,2.0,1.0,1.0,18.0
2020-11-04 23:05:00,1.0,1.0,2.0,3.0,1.0,1.0,1.0,4.0,2.0,1.0,1.0,18.0
2020-11-04 23:06:00,1.0,1.0,2.0,3.0,1.0,1.0,1.0,4.0,2.0,1.0,1.0,18.0
2020-11-04 23:07:00,1.0,1.0,2.0,3.0,1.0,1.0,1.0,4.0,2.0,1.0,1.0,18.0
2020-11-04 23:08:00,1.0,1.0,2.0,3.0,1.0,1.0,1.0,4.0,2.0,1.0,1.0,18.0
2020-11-04 23:09:00,1.0,1.0,2.0,3.0,1.0,1.0,1.0,4.0,2.0,1.0,1.0,18.0
2020-11-04 23:10:00,1.0,1.0,2.0,3.0,1.0,1.0,1.0,4.0,2.0,1.0,1.0,18.0
2020-11-04 23:11:00,1.0,1.0,2.0,3.0,1.0,1.0,1.0,4.0,2.0,1.0,1.0,18.0
2020-11-04 23:12:00,1.0,1.0,2.0,3.0,1.0,1.0,1.0,4.0,2.0,1.0,1.0,18.0
2020-11-04 23:13:00,1.0,1.0,2.0,3.0,1.0,1.0,1.0,4.0,2.0,1.0,1.0,18.0
2020-11-04 23:14:00,1.0,1.0,2.0,3.0,1.0,1.0,1.0,4.0,2.0,1.0,1.0,18.0
2020-11-04 23:15:00,1.0,1.0,2.0,3.0,1.0,1.0,1.0,4.0,2.0,1.0,1.0,18.0
2020-11-04 23:16:00,1.0,1.0,2.0,3.0,1.0,1.0,1.0,4.0,2.0,1.0,1.0,18.0
2020-11-04 23:17:00,1.0,1.0,2.0,3.0,1.0,1.0,1.0,4.0,2.0,1.0,1.0,18.0
2020-11-04 23:18:00,1.0,1.0,2.0,3.0,1.0,1.0,1.0,4.0,2.0,1.0,1.0,18.0
2020-11-04 23:19:00,1.0,1.0,2.0,3.0,1.0,1.0,1.0,4.0,2.0,1.0,1.0,18.0
2020-11-04 23:20:00,1.0,1.0,2.0,3.0,1.0,1.0,1.0,4.0,2.0,1.0,1.0,18.0
2020-11-04 23:21:00,1.0,1.0,2.0,3.0,1.0,1.0,1.0,4.0,2.0,1.0,1.0,18.0
2020-11-04 23:22:00,1.0,1.0,2.0,3.0,1.0,1.0,1.0,4.0,2.0,1.0,1.0,18.0
2020-11-04 23:23:00,1.0,1.0,2.0,3.0,1.0,1.0,1.0,4.0,2.0,1.0,1.0,18.0
2020-11-04 23:24:00,1.0,1.0,2.0,3.0,1.0,1.0,1.0,4.0,2.0,1.0,1.0,18.0
2020-11-04 23:25:00,1.0,1.0,2.0,3.0,1.0,1.0,1.0,4.0,2.0,1.0,1.0,18.0
2020-11-04 23:26:00,1.0,1.0,2.0,3.0,1.0,1.0,1.0,4.0,2.0,1.0,1.0,18.0
2020-11-04 23:27:00,1.0,1.0,2.0,3.0,1.0,1.0,1.0,4.0,2.0,1.0,1.0,18.0
2020-11-04 23:28:00,1.0,1.0,2.0,3.0,1.0,1.0,1.0,4.0,2.0,1.0,1.0,18.0
2020-11-04 23:29:00,1.0,1.0,2.0,3.0,1.0,1.0,1.0,4.0,2.0,1.0,1.0,18.0
2020-11-04 23:30:00,1.0,1.0,2.0,3.0,1.0,1.0,1.0,4.0,2.0,1.0,1.0,18.0
2020-11-04 23:31:00,1.0,1.0,2.0,3.0,1.0,1.0,1.0,4.0,2.0,1.0,1.0,18.0
2020-11-04 23:32:00,1.0,1.0,2.0,3.0,1.0,1.0,1.0,4.0,2.0,1.0,1.0,18.0
2020-11-04 23:33:00,1.0,1.0,2.0,3.0,1.0,1.0,1.0,4.0,2.0,1.0,1.0,18.0
2020-11-04 23:34:00,1.0,1.0,2.0,3.0,1.0,1.0,1.0,4.0,2.0,1.0,1.0,18.0
2020-11-04 23:35:00,1.0,1.0,2.0,3.0,1.0,1.0,1.0,4.0,2.0,1.0,1.0,18.0
2020-11-04 23:36:00,1.0,1.0,2.0,3.0,1.0,1.0,1.0,4.0,2.0,1.0,1.0,18.0
2020-11-04 23:37:00,1.0,1.0,2.0,3.0,1.0,1.0,1.0,4.0,2.0,1.0,1.0,18.0
2020-11-04 23:38:00,1.0,1.0,2.0,3.0,1.0,1.0,1.0,4.0,2.0,1.0,1.0,18.0
2020-11-04 23:39:00,1.0,1.0,2.0,3.0,1.0,1.0,1.0,4.0,2.0,1.0,1.0,18.0
2020-11-04 23:40:00,1.0,1.0,2.0,3.0,1.0,1.0,1.0,4.0,2.0,1.0,1.0,18.0
2020-11-04 23:41:00,1.0,1.0,2.0,3.0,1.0,1.0,1.0,4.0,2.0,1.0,1.0,18.0
2020-11-04 23:42:00,1.0,1.0,2.0,3.0,1.0,1.0,1.0,4.0,2.0,1.0,1.0,18.0
2020-11-04 23:43:00,1.0,1.0,2.0,3.0,1.0,1.0,1.0,4.0,2.0,1.0,1.0,18.0
2020-11-04 23:44:00,1.0,1.0,2.0,3.0,1.0,1.0,1.0,4.0,2.0,1.0,1.0,18.0
2020-11-04 23:45:00,1.0,1.0,2.0,3.0,1.0,1.0,1.0,4.0,2.0,1.0,1.0,18.0
2020-11-04 23:46:00,1.0,1.0,2.0,3.0,1.0,1.0,1.0,4.0,2.0,1.0,1.0,18.0
2020-11-04 23:47:00,1.0,1.0,2.0,3.0,1.0,1.0,1.0,4.0,2.0,1.0,1.0,18.0
2020-11-04 23:48:00,1.0,1.0,2.0,3.0,1.0,1.0,1.0,4.0,2.0,1.0,1.0,18.0
2020-11-04 23:49:00,1.0,1.0,2.0,3.0,1.0,1.0,1.0,4.0,2.0,1.0,1.0,18.0
2020-11-04 23:50:00,1.0,1.0,2.0,3.0,1.0,1.0,1.0,4.0,2.0,1.0,1.0,18.0
2020-11-04 23:51:00,1.0,1.0,2.0,3.0,1.0,1.0,1.0,4.0,2.0,1.0,1.0,18.0
2020-11-04 23:52:00,1.0,1.0,2.0,3.0,1.0,1.0,1.0,4.0,2.0,1.0,1.0,18.0
2020-11-04 23:53:00,1.0,1.0,2.0,3.0,1.0,1.0,1.0,4.0,2.0,1.0,1.0,18.0
2020-11-04 23:54:00,1.0,1.0,2.0,3.0,1.0,1.0,1.0,4.0,2.0,1.0,1.0,18.0
2020-11-04 23:55:00,1.0,1.0,2.0,3.0,1.0,1.0,1.0,4.0,2.0,1.0,1.0,18.0
2020-11-04 23:56:00,1.0,1.0,2.0,3.0,1.0,1.0,1.0,4.0,2.0,1.0,1.0,18.0
2020-11-04 23:57:00,1.0,1.0,2.0,3.0,1.0,1.0,1.0,4.0,2.0,1.0,1.0,18.0
2020-11-04 23:58:00,1.0,1.0,2.0,3.0,1.0,1.0,1.0,4.0,2.0,1.0,1.0,18.0
2020-11-04 23:59:00,1.0,1.0,2.0,3.0,1.0,1.0,1.0,4.0,2.0,1.0,1.0,18.0
2020-11-05 00:00:00,1.0,1.0,2.0,3.0,1.0,1.0,1.0,4.0,2.0,1.0,1.0,18.0
2020-11-05 00:01:00,1.0,1.0,2.0,3.0,1.0,1.0,1.0,4.0,2.0,1.0,1.0,18.0
2020-11-05 00:02:00,1.0,1.0,2.0,3.0,1.0,1.0,1.0,4.0,2.0,1.0,1.0,18.0
2020-11-05 00:03:00,1.0,1.0,2.0,3.0,1.0,1.0,1.0,4.0,2.0,1.0,1.0,18.0
2020-11-05 00:04:00,1.0,1.0,2.0,3.0,1.0,1.0,1.0,4.0,2.0,1.0,1.0,18.0
2020-11-05 00:05:00,1.0,1.0,2.0,3.0,1.0,1.0,1.0,4.0,2.0,1.0,1.0,18.0
2020-11-05 00:06:00,1.0,1.0,2.0,3.0,1.0,1.0,1.0,4.0,2.0,1.0,1.0,18.0
2020-11-05 00:07:00,1.0,1.0,2.0,3.0,1.0,1.0,1.0,4.0,2.0,1.0,1.0,18.0
2020-11-05 00:08:00,1.0,1.0,2.0,3.0,1.0,1.0,1.0,4.0,2.0,1.0,1.0,18.0
2020-11-05 00:09:00,1.0,1.0,2.0,3.0,1.0,1.0,1.0,4.0,2.0,1.0,1.0,18.0
2020-11-05 00:10:00,1.0,1.0,2.0,3.0,1.0,1.0,1.0,4.0,2.0,1.0,1.0,18.0
2020-11-05 00:11:00,1.0,1.0,2.0,3.0,1.0,1.0,1.0,4.0,2.0,1.0,1.0,18.0
2020-11-05 00:12:00,1.0,1.0,2.0,3.0,1.0,1.0,1.0,4.0,2.0,1.0,1.0,18.0
2020-11-05 00:13:00,1.0,1.0,2.0,3.0,1.0,1.0,1.0,4.0,2.0,1.0,1.0,18.0
2020-11-05 00:14:00,1.0,1.0,2.0,3.0,1.0,1.0,1.0,4.0,2.0,1.0,1.0,18.0
2020-11-05 00:15:00,1.0,1.0,2.0,3.0,1.0,1.0,1.0,4.0,2.0,1.0,1.0,18.0
2020-11-05 00:16:00,1.0,1.0,2.0,3.0,1.0,1.0,1.0,4.0,2.0,1.0,1.0,18.0
2020-11-05 00:17:00,1.0,1.0,2.0,3.0,1.0,1.0,1.0,4.0,2.0,1.0,1.0,18.0
2020-11-05 00:18:00,1.0,1.0,2.0,3.0,1.0,1.0,1.0,4.0,2.0,1.0,1.0,18.0
2020-11-05 00:19:00,1.0,1.0,2.0,3.0,1.0,1.0,1.0,4.0,2.0,1.0,1.0,18.0
2020-11-05 00:20:00,1.0,1.0,2.0,3.0,1.0,1.0,1.0,4.0,2.0,1.0,1.0,18.0
2020-11-05 00:21:00,1.0,1.0,2.0,3.0,1.0,1.0,1.0,4.0,2.0,1.0,1.0,18.0
2020-11-05 00:22:00,1.0,1.0,2.0,3.0,1.0,1.0,1.0,4.0,2.0,1.0,1.0,18.0
2020-11-05 00:23:00,1.0,1.0,2.0,3.0,1.0,1.0,1.0,4.0,2.0,1.0,1.0,18.0
2020-11-05 00:24:00,1.0,1.0,2.0,3.0,1.0,1.0,1.0,4.0,2.0,1.0,1.0,18.0
2020-11-05 00:25:00,1.0,1.0,2.0,3.0,1.0,1.0,1.0,4.0,2.0,1.0,1.0,18.0
2020-11-05 00:26:00,1.0,1.0,2.0,3.0,1.0,1.0,1.0,4.0,2.0,1.0,1.0,18.0
2020-11-05 00:27:00,1.0,1.0,2.0,3.0,1.0,1.0,1.0,4.0,2.0,1.0,1.0,18.0
2020-11-05 00:28:00,1.0,1.0,2.0,3.0,1.0,1.0,1.0,4.0,2.0,1.0,1.0,18.0
2020-11-05 00:29:00,1.0,1.0,2.0,3.0,1.0,1.0,1.0,4.0,2.0,1.0,1.0,18.0
2020-11-05 00:30:00,1.0,1.0,2.0,3.0,1.0,1.0,1.0,4.0,2.0,1.0,1.0,18.0
2020-11-05 00:31:00,1.0,1.0,2.0,3.0,1.0,1.0,1.0,4.0,2.0,1.0,1.0,18.0
2020-11-05 00:32:00,1.0,1.0,2.0,3.0,1.0,1.0,1.0,4.0,2.0,1.0,1.0,18.0
2020-11-05 00:33:00,1.0,1.0,2.0,3.0,1.0,1.0,1.0,4.0,2.0,1.0,1.0,18.0
2020-11-05 00:34:00,1.0,1.0,2.0,3.0,1.0,1.0,1.0,4.0,2.0,1.0,1.0,18.0
2020-11-05 00:35:00,1.0,1.0,2.0,3.0,1.0,1.0,1.0,4.0,2.0,1.0,1.0,18.0
2020-11-05 00:36:00,1.0,1.0,2.0,3.0,1.0,1.0,1.0,4.0,2.0,1.0,1.0,18.0
2020-11-05 00:37:00,1.0,1.0,2.0,3.0,1.0,1.0,1.0,4.0,2.0,1.0,1.0,18.0
2020-11-05 00:38:00,1.0,1.0,2.0,3.0,1.0,1.0,1.0,4.0,2.0,1.0,1.0,18.0
2020-11-05 00:39:00,1.0,1.0,2.0,3.0,1.0,1.0,1.0,4.0,2.0,1.0,1.0,18.0
2020-11-05 00:40:00,1.0,1.0,2.0,3.0,1.0,1.0,1.0,4.0,2.0,1.0,1.0,18.0
2020-11-05 00:41:00,1.0,1.0,2.0,3.0,1.0,1.0,1.0,4.0,2.0,1.0,1.0,18.0
2020-11-05 00:42:00,1.0,1.0,2.0,3.0,1.0,1.0,1.0,4.0,2.0,1.0,1.0,18.0
2020-11-05 00:43:00,1.0,1.0,2.0,3.0,1.0,1.0,1.0,4.0,2.0,1.0,1.0,18.0
2020-11-05 00:44:00,1.0,1.0,2.0,3.0,1.0,1.0,1.0,4.0,2.0,1.0,1.0,18.0
2020-11-05 00:45:00,1.0,1.0,2.0,3.0,1.0,1.0,1.0,4.0,2.0,1.0,1.0,18.0
2020-11-05 00:46:00,1.0,1.0,2.0,3.0,1.0,1.0,1.0,4.0,2.0,1.0,1.0,18.0
2020-11-05 00:47:00,1.0,1.0,2.0,3.0,1.0,1.0,1.0,4.0,2.0,1.0,1.0,18.0
2020-11-05 00:48:00,1.0,1.0,2.0,3.0,1.0,1.0,1.0,4.0,2.0,1.0,1.0,18.0
2020-11-05 00:49:00,1.0,1.0,2.0,3.0,1.0,1.0,1.0,4.0,2.0,1.0,1.0,18.0
2020-11-05 00:50:00,1.0,1.0,2.0,3.0,1.0,1.0,1.0,4.0,2.0,1.0,1.0,18.0
2020-11-05 00:51:00,1.0,1.0,2.0,3.0,1.0,1.0,1.0,4.0,2.0,1.0,1.0,18.0
2020-11-05 00:52:00,1.0,1.0,2.0,3.0,1.0,1.0,1.0,4.0,2.0,1.0,1.0,18.0
2020-11-05 00:53:00,1.0,1.0,2.0,3.0,1.0,1.0,1.0,4.0,2.0,1.0,1.0,18.0
2020-11-05 00:54:00,1.0,1.0,2.0,3.0,1.0,1.0,1.0,4.0,2.0,1.0,1.0,18.0
2020-11-05 00:55:00,1.0,1.0,2.0,3.0,1.0,1.0,1.0,4.0,2.0,1.0,1.0,18.0
2020-11-05 00:56:00,1.0,1.0,2.0,3.0,1.0,1.0,1.0,4.0,2.0,1.0,1.0,18.0
2020-11-05 00:57:00,1.0,1.0,2.0,3.0,1.0,1.0,1.0,4.0,2.0,1.0,1.0,18.0
2020-11-05 00:58:00,1.0,1.0,2.0,3.0,1.0,1.0,1.0,4.0,2.0,1.0,1.0,18.0
2020-11-05 00:59:00,1.0,1.0,2.0,3.0,1.0,1.0,1.0,4.0,2.0,1.0,1.0,18.0
2020-11-05 01:00:00,1.0,1.0,2.0,3.0,1.0,1.0,1.0,4.0,2.0,1.0,1.0,18.0
2020-11-05 01:01:00,1.0,1.0,2.0,3.0,1.0,1.0,1.0,4.0,2.0,1.0,1.0,18.0
2020-11-05 01:02:00,1.0,1.0,2.0,3.0,1.0,1.0,1.0,4.0,2.0,1.0,1.0,18.0
2020-11-05 01:03:00,1.0,1.0,2.0,3.0,1.0,1.0,1.0,4.0,2.0,1.0,1.0,18.0
2020-11-05 01:04:00,1.0,1.0,2.0,3.0,1.0,1.0,1.0,4.0,2.0,1.0,1.0,18.0
2020-11-05 01:05:00,1.0,1.0,2.0,3.0,1.0,1.0,1.0,4.0,2.0,1.0,1.0,18.0
2020-11-05 01:06:00,1.0,1.0,2.0,3.0,1.0,1.0,1.0,4.0,2.0,1.0,1.0,18.0
2020-11-05 01:07:00,1.0,1.0,2.0,3.0,1.0,1.0,1.0,4.0,2.0,1.0,1.0,18.0
2020-11-05 01:08:00,1.0,1.0,2.0,3.0,1.0,1.0,1.0,4.0,2.0,1.0,1.0,18.0
2020-11-05 01:09:00,1.0,1.0,2.0,3.0,1.0,1.0,1.0,4.0,2.0,1.0,1.0,18.0
2020-11-05 01:10:00,1.0,1.0,2.0,3.0,1.0,1.0,1.0,4.0,2.0,1.0,1.0,18.0
2020-11-05 01:11:00,1.0,1.0,2.0,3.0,1.0,1.0,1.0,4.0,2.0,1.0,1.0,18.0
2020-11-05 01:12:00,1.0,1.0,2.0,3.0,1.0,1.0,1.0,4.0,2.0,1.0,1.0,18.0
2020-11-05 01:13:00,1.0,1.0,2.0,3.0,1.0,1.0,1.0,4.0,2.0,1.0,1.0,18.0
2020-11-05 01:14:00,1.0,1.0,2.0,3.0,1.0,1.0,1.0,4.0,2.0,1.0,1.0,18.0
2020-11-05 01:15:00,1.0,1.0,2.0,3.0,1.0,1.0,1.0,4.0,2.0,1.0,1.0,18.0
2020-11-05 01:16:00,1.0,1.0,2.0,3.0,1.0,1.0,1.0,4.0,2.0,1.0,1.0,18.0
2020-11-05 01:17:00,1.0,1.0,2.0,3.0,1.0,1.0,1.0,4.0,2.0,1.0,1.0,18.0
2020-11-05 01:18:00,1.0,1.0,2.0,3.0,1.0,1.0,1.0,4.0,2.0,1.0,1.0,18.0
2020-11-05 01:19:00,1.0,1.0,2.0,3.0,1.0,1.0,1.0,4.0,2.0,1.0,1.0,18.0
2020-11-05 01:20:00,1.0,1.0,2.0,3.0,1.0,1.0,1.0,4.0,2.0,1.0,1.0,18.0
2020-11-05 01:21:00,1.0,1.0,2.0,3.0,1.0,1.0,1.0,4.0,2.0,1.0,1.0,18.0
2020-11-05 01:22:00,1.0,1.0,2.0,3.0,1.0,1.0,1.0,4.0,2.0,1.0,1.0,18.0
2020-11-05 01:23:00,1.0,1.0,2.0,3.0,1.0,1.0,1.0,4.0,2.0,1.0,1.0,18.0
2020-11-05 01:24:00,1.0,1.0,2.0,3.0,1.0,1.0,1.0,4.0,2.0,1.0,1.0,18.0
2020-11-05 01:25:00,1.0,1.0,2.0,3.0,1.0,1.0,1.0,4.0,2.0,1.0,1.0,18.0
2020-11-05 01:26:00,1.0,1.0,2.0,3.0,1.0,1.0,1.0,4.0,2.0,1.0,1.0,18.0
2020-11-05 01:27:00,1.0,1.0,2.0,3.0,1.0,1.0,1.0,4.0,2.0,1.0,1.0,18.0
2020-11-05 01:28:00,1.0,1.0,2.0,3.0,1.0,1.0,1.0,4.0,2.0,1.0,1.0,18.0
2020-11-05 01:29:00,1.0,1.0,2.0,3.0,1.0,1.0,1.0,4.0,2.0,1.0,1.0,18.0
2020-11-05 01:30:00,1.0,1.0,2.0,3.0,1.0,1.0,1.0,4.0,2.0,1.0,1.0,18.0
2020-11-05 01:31:00,1.0,1.0,2.0,3.0,1.0,1.0,1.0,4.0,2.0,1.0,1.0,18.0
2020-11-05 01:32:00,1.0,1.0,2.0,3.0,1.0,1.0,1.0,4.0,2.0,1.0,1.0,18.0
2020-11-05 01:33:00,1.0,1.0,2.0,3.0,1.0,1.0,1.0,4.0,2.0,1.0,1.0,18.0
2020-11-05 01:34:00,1.0,1.0,2.0,3.0,1.0,1.0,1.0,4.0,2.0,1.0,1.0,18.0
2020-11-05 01:35:00,1.0,1.0,2.0,3.0,1.0,1.0,1.0,4.0,2.0,1.0,1.0,18.0
2020-11-05 01:36:00,1.0,1.0,2.0,3.0,1.0,1.0,1.0,4.0,2.0,1.0,1.0,18.0
2020-11-05 01:37:00,1.0,1.0,2.0,3.0,1.0,1.0,1.0,4.0,2.0,1.0,1.0,18.0
2020-11-05 01:38:00,1.0,1.0,2.0,3.0,1.0,1.0,1.0,4.0,2.0,1.0,1.0,18.0
2020-11-05 01:39:00,1.0,1.0,2.0,3.0,1.0,1.0,1.0,4.0,2.0,1.0,1.0,18.0
2020-11-05 01:40:00,1.0,1.0,2.0,3.0,1.0,1.0,1.0,4.0,2.0,1.0,1.0,18.0
2020-11-05 01:41:00,1.0,1.0,2.0,3.0,1.0,1.0,1.0,4.0,2.0,1.0,1.0,18.0
2020-11-05 01:42:00,1.0,1.0,2.0,3.0,1.0,1.0,1.0,4.0,2.0,1.0,1.0,18.0
2020-11-05 01:43:00,1.0,1.0,2.0,3.0,1.0,1.0,1.0,4.0,2.0,1.0,1.0,18.0
2020-11-05 01:44:00,1.0,1.0,2.0,3.0,1.0,1.0,1.0,4.0,2.0,1.0,1.0,18.0
2020-11-05 01:45:00,1.0,1.0,2.0,3.0,1.0,1.0,1.0,4.0,2.0,1.0,1.0,18.0
2020-11-05 01:46:00,1.0,1.0,2.0,3.0,1.0,1.0,1.0,4.0,2.0,1.0,1.0,18.0
2020-11-05 01:47:00,1.0,1.0,2.0,3.0,1.0,1.0,1.0,4.0,2.0,1.0,1.0,18.0
2020-11-05 01:48:00,1.0,1.0,2.0,3.0,1.0,1.0,1.0,4.0,2.0,1.0,1.0,18.0
2020-11-05 01:49:00,1.0,1.0,2.0,3.0,1.0,1.0,1.0,4.0,2.0,1.0,1.0,18.0
2020-11-05 01:50:00,1.0,1.0,2.0,3.0,1.0,1.0,1.0,4.0,2.0,1.0,1.0,18.0
2020-11-05 01:51:00,1.0,1.0,2.0,3.0,1.0,1.0,1.0,4.0,2.0,1.0,1.0,18.0
2020-11-05 01:52:00,1.0,1.0,2.0,3.0,1.0,1.0,1.0,4.0,2.0,1.0,1.0,18.0
2020-11-05 01:53:00,1.0,1.0,2.0,3.0,1.0,1.0,1.0,4.0,2.0,1.0,1.0,18.0
2020-11-05 01:54:00,1.0,1.0,2.0,3.0,1.0,1.0,1.0,4.0,2.0,1.0,1.0,18.0
2020-11-05 01:55:00,1.0,1.0,2.0,3.0,1.0,1.0,1.0,4.0,2.0,1.0,1.0,18.0
2020-11-05 01:56:00,1.0,1.0,2.0,3.0,1.0,1.0,1.0,4.0,2.0,1.0,1.0,18.0
2020-11-05 01:57:00,1.0,1.0,2.0,3.0,1.0,1.0,1.0,4.0,2.0,1.0,1.0,18.0
2020-11-05 01:58:00,1.0,1.0,2.0,3.0,1.0,1.0,1.0,4.0,2.0,1.0,1.0,18.0
2020-11-05 01:59:00,1.0,1.0,2.0,3.0,1.0,1.0,1.0,4.0,2.0,1.0,1.0,18.0
2020-11-05 02:00:00,1.0,1.0,2.0,3.0,1.0,1.0,1.0,4.0,2.0,1.0,1.0,18.0
2020-11-05 02:01:00,1.0,1.0,2.0,3.0,1.0,1.0,1.0,4.0,2.0,1.0,1.0,18.0
2020-11-05 02:02:00,1.0,1.0,2.0,3.0,1.0,1.0,1.0,4.0,2.0,1.0,1.0,18.0
2020-11-05 02:03:00,1.0,1.0,2.0,3.0,1.0,1.0,1.0,4.0,2.0,1.0,1.0,18.0
2020-11-05 02:04:00,1.0,1.0,2.0,3.0,1.0,1.0,1.0,4.0,2.0,1.0,1.0,18.0
